2025/05/29-22:09:49.590458,1748524189.589986756,471
2025/05/29-22:09:49.691000,1748524189.690626245,374
2025/05/29-22:09:49.791475,1748524189.791134245,341
2025/05/29-22:09:49.891933,1748524189.891608738,324
2025/05/29-22:09:49.992400,1748524189.992066892,334
2025/05/29-22:09:50.92847,1748524190.092527723,319
2025/05/29-22:09:50.193317,1748524190.192987317,330
2025/05/29-22:09:50.293780,1748524190.293451851,328
2025/05/29-22:09:50.394263,1748524190.393904963,358
2025/05/29-22:09:50.494744,1748524190.494397285,347
2025/05/29-22:09:50.595294,1748524190.594866860,427
2025/05/29-22:09:50.695772,1748524190.695430267,342
2025/05/29-22:09:50.796233,1748524190.795896690,336
2025/05/29-22:09:50.896669,1748524190.896355076,314
2025/05/29-22:09:50.997131,1748524190.996797829,333
2025/05/29-22:09:51.97614,1748524191.097255156,359
2025/05/29-22:09:51.198065,1748524191.197732952,332
2025/05/29-22:09:51.298518,1748524191.298199388,319
2025/05/29-22:09:51.398975,1748524191.398648479,327
2025/05/29-22:09:51.499433,1748524191.499108354,324
2025/05/29-22:09:51.599889,1748524191.599556420,332
2025/05/29-22:09:51.700340,1748524191.700031019,309
2025/05/29-22:09:51.800774,1748524191.800463000,311
2025/05/29-22:09:51.901269,1748524191.900893389,375
2025/05/29-22:09:52.1732,1748524192.001389052,343
2025/05/29-22:09:52.102184,1748524192.101863066,321
2025/05/29-22:09:52.202652,1748524192.202316776,335
2025/05/29-22:09:52.303112,1748524192.302784300,328
2025/05/29-22:09:52.403539,1748524192.403233518,306
2025/05/29-22:09:52.504032,1748524192.503662809,369
2025/05/29-22:09:52.604493,1748524192.604152973,340
2025/05/29-22:09:52.704946,1748524192.704620362,326
2025/05/29-22:09:52.805393,1748524192.805074787,319
2025/05/29-22:09:52.905828,1748524192.905517368,310
2025/05/29-22:09:53.6287,1748524193.005950589,337
2025/05/29-22:09:53.106722,1748524193.106409870,312
2025/05/29-22:09:53.207159,1748524193.206846135,313
2025/05/29-22:09:53.307627,1748524193.307284829,342
2025/05/29-22:09:53.408082,1748524193.407748109,334
2025/05/29-22:09:53.508523,1748524193.508206385,317
2025/05/29-22:09:53.608986,1748524193.608640164,346
2025/05/29-22:09:53.709424,1748524193.709107872,317
2025/05/29-22:09:53.809903,1748524193.809536865,367
2025/05/29-22:09:53.910347,1748524193.910030268,317
2025/05/29-22:09:54.10787,1748524194.010469446,317
2025/05/29-22:09:54.111242,1748524194.110908860,333
2025/05/29-22:09:54.211651,1748524194.211354817,296
2025/05/29-22:09:54.312092,1748524194.311766519,325
2025/05/29-22:09:54.412536,1748524194.412215478,320
2025/05/29-22:09:54.512980,1748524194.512654980,325
2025/05/29-22:09:54.613488,1748524194.613099543,389
2025/05/29-22:09:54.714169,1748524194.713642025,527
2025/05/29-22:09:54.814843,1748524194.814312656,530
2025/05/29-22:09:54.915617,1748524194.914993200,624
2025/05/29-22:09:55.16419,1748524195.015767814,651
2025/05/29-22:09:55.117276,1748524195.116570225,705
2025/05/29-22:09:55.218192,1748524195.217452439,739
2025/05/29-22:09:55.318966,1748524195.318348684,617
2025/05/29-22:09:55.419819,1748524195.419111350,708
2025/05/29-22:09:55.520652,1748524195.519968761,683
2025/05/29-22:09:55.621447,1748524195.620799036,648
2025/05/29-22:09:55.722201,1748524195.721599700,601
2025/05/29-22:09:55.822939,1748524195.822342561,597
2025/05/29-22:09:55.923758,1748524195.923080584,678
2025/05/29-22:09:56.24540,1748524196.023912043,628
2025/05/29-22:09:56.125348,1748524196.124680816,667
2025/05/29-22:09:56.226181,1748524196.225501199,679
2025/05/29-22:09:56.327097,1748524196.326334666,762
2025/05/29-22:09:56.427921,1748524196.427244834,676
2025/05/29-22:09:56.528892,1748524196.528066599,825
2025/05/29-22:09:56.629649,1748524196.629032988,616
2025/05/29-22:09:56.730477,1748524196.729796747,680
2025/05/29-22:09:56.831258,1748524196.830625563,632
2025/05/29-22:09:56.932171,1748524196.931409894,761
2025/05/29-22:09:57.33011,1748524197.032315510,696
2025/05/29-22:09:57.133901,1748524197.133159421,741
2025/05/29-22:09:57.234688,1748524197.234054880,633
2025/05/29-22:09:57.335397,1748524197.334833703,563
2025/05/29-22:09:57.436193,1748524197.435548477,645
2025/05/29-22:09:57.536946,1748524197.536359741,587
2025/05/29-22:09:57.637711,1748524197.637090290,621
2025/05/29-22:09:57.738629,1748524197.737880415,748
2025/05/29-22:09:57.839721,1748524197.838803770,918
2025/05/29-22:09:57.940789,1748524197.939890989,898
2025/05/29-22:09:58.42127,1748524198.040944988,1182
2025/05/29-22:09:58.143097,1748524198.142278593,818
2025/05/29-22:09:58.244117,1748524198.243255292,862
2025/05/29-22:09:58.345025,1748524198.344270479,755
2025/05/29-22:09:58.445937,1748524198.445182257,754
2025/05/29-22:09:58.546800,1748524198.546093946,706
2025/05/29-22:09:58.647584,1748524198.646961615,622
2025/05/29-22:09:58.748419,1748524198.747740865,678
2025/05/29-22:09:58.849361,1748524198.848584172,777
2025/05/29-22:09:58.950168,1748524198.949504055,664
2025/05/29-22:09:59.51033,1748524199.050343937,689
2025/05/29-22:09:59.151952,1748524199.151197800,754
2025/05/29-22:09:59.252794,1748524199.252104354,690
2025/05/29-22:09:59.353708,1748524199.352952239,755
2025/05/29-22:09:59.454917,1748524199.453860125,1057
2025/05/29-22:09:59.555763,1748524199.555067517,696
2025/05/29-22:09:59.656547,1748524199.655908793,638
2025/05/29-22:09:59.757380,1748524199.756710875,669
2025/05/29-22:09:59.858292,1748524199.857547694,744
2025/05/29-22:09:59.959197,1748524199.958450129,747
2025/05/29-22:10:00.59999,1748524200.059340711,659
2025/05/29-22:10:00.160771,1748524200.160151475,620
2025/05/29-22:10:00.261564,1748524200.260923670,640
2025/05/29-22:10:00.362385,1748524200.361716392,669
2025/05/29-22:10:00.463194,1748524200.462543775,650
2025/05/29-22:10:00.564035,1748524200.563358890,676
2025/05/29-22:10:00.664877,1748524200.664202285,674
2025/05/29-22:10:00.765678,1748524200.765025880,652
2025/05/29-22:10:00.866461,1748524200.865825130,635
2025/05/29-22:10:00.967459,1748524200.966599274,859
2025/05/29-22:10:01.68246,1748524201.067596585,650
2025/05/29-22:10:01.169001,1748524201.168384954,616
2025/05/29-22:10:01.269862,1748524201.269143573,719
2025/05/29-22:10:01.370757,1748524201.370007404,749
2025/05/29-22:10:01.471744,1748524201.470910230,833
2025/05/29-22:10:01.572599,1748524201.571888802,710
2025/05/29-22:10:01.673436,1748524201.672740397,696
2025/05/29-22:10:01.774308,1748524201.773583720,724
2025/05/29-22:10:01.875131,1748524201.874453553,677
2025/05/29-22:10:01.975926,1748524201.975274773,651
2025/05/29-22:10:02.76908,1748524202.076082814,825
2025/05/29-22:10:02.177875,1748524202.177065705,809
2025/05/29-22:10:02.279201,1748524202.278042315,1159
2025/05/29-22:10:02.380045,1748524202.379348144,697
2025/05/29-22:10:02.480861,1748524202.480185079,676
2025/05/29-22:10:02.581638,1748524202.580997553,640
2025/05/29-22:10:02.682351,1748524202.681772994,578
2025/05/29-22:10:02.783081,1748524202.782491920,590
2025/05/29-22:10:02.883822,1748524202.883221524,600
2025/05/29-22:10:02.984603,1748524202.983956691,646
2025/05/29-22:10:03.85384,1748524203.084740619,643
2025/05/29-22:10:03.186210,1748524203.185523892,686
2025/05/29-22:10:03.286978,1748524203.286349559,629
2025/05/29-22:10:03.387735,1748524203.387116022,619
2025/05/29-22:10:03.488580,1748524203.487876174,704
2025/05/29-22:10:03.589348,1748524203.588713305,634
2025/05/29-22:10:03.690075,1748524203.689484278,591
2025/05/29-22:10:03.790878,1748524203.790225230,653
2025/05/29-22:10:03.891666,1748524203.891031170,635
2025/05/29-22:10:03.992435,1748524203.991804484,631
2025/05/29-22:10:04.93147,1748524204.092575101,571
2025/05/29-22:10:04.193863,1748524204.193284915,578
2025/05/29-22:10:04.294539,1748524204.293995496,544
2025/05/29-22:10:04.395285,1748524204.394669946,615
2025/05/29-22:10:04.496048,1748524204.495417511,631
2025/05/29-22:10:04.596834,1748524204.596183105,651
2025/05/29-22:10:04.697567,1748524204.696964807,602
2025/05/29-22:10:04.798351,1748524204.797704571,647
2025/05/29-22:10:04.899245,1748524204.898489325,756
2025/05/29-22:10:05.99,1748524204.999375391,725
2025/05/29-22:10:05.100798,1748524205.100230340,567
2025/05/29-22:10:05.201600,1748524205.200925862,674
2025/05/29-22:10:05.302392,1748524205.301726112,666
2025/05/29-22:10:05.405811,1748524205.402519178,3292
2025/05/29-22:10:05.506859,1748524205.505953809,906
2025/05/29-22:10:05.609776,1748524205.606984369,2792
2025/05/29-22:10:05.713784,1748524205.709903977,3880
2025/05/29-22:10:05.815902,1748524205.813906191,1995
2025/05/29-22:10:05.917794,1748524205.916020981,1773
2025/05/29-22:10:06.19866,1748524206.017911584,1954
2025/05/29-22:10:06.120982,1748524206.119994225,987
2025/05/29-22:10:06.221681,1748524206.221108562,573
2025/05/29-22:10:06.323855,1748524206.321803750,2052
2025/05/29-22:10:06.425753,1748524206.423977775,1775
2025/05/29-22:10:06.528920,1748524206.525875289,3045
2025/05/29-22:10:06.629758,1748524206.629042537,716
2025/05/29-22:10:06.733770,1748524206.729882935,3887
2025/05/29-22:10:06.835817,1748524206.833891421,1925
2025/05/29-22:10:06.937683,1748524206.935938093,1745
2025/05/29-22:10:07.38757,1748524207.037805512,951
2025/05/29-22:10:07.141789,1748524207.138878384,2910
2025/05/29-22:10:07.243597,1748524207.241911717,1685
2025/05/29-22:10:07.344875,1748524207.343716992,1158
2025/05/29-22:10:07.445768,1748524207.444987270,781
2025/05/29-22:10:07.547117,1748524207.545897326,1220
2025/05/29-22:10:07.648138,1748524207.647239559,898
2025/05/29-22:10:07.748747,1748524207.748271824,475
2025/05/29-22:10:07.849402,1748524207.848861876,540
2025/05/29-22:10:07.950032,1748524207.949522488,510
2025/05/29-22:10:08.51869,1748524208.050157205,1712
2025/05/29-22:10:08.153073,1748524208.151984691,1089
2025/05/29-22:10:08.253682,1748524208.253200323,482
2025/05/29-22:10:08.356934,1748524208.353804587,3130
2025/05/29-22:10:08.457723,1748524208.457064165,659
2025/05/29-22:10:08.559780,1748524208.557844906,1935
2025/05/29-22:10:08.661667,1748524208.659903797,1763
2025/05/29-22:10:08.765682,1748524208.761778141,3904
2025/05/29-22:10:08.869688,1748524208.865804864,3883
2025/05/29-22:10:08.973681,1748524208.969809671,3871
2025/05/29-22:10:09.76313,1748524209.073802115,2511
2025/05/29-22:10:09.176997,1748524209.176438731,558
2025/05/29-22:10:09.277668,1748524209.277118381,549
2025/05/29-22:10:09.379267,1748524209.377792733,1474
2025/05/29-22:10:09.479922,1748524209.479386145,536
2025/05/29-22:10:09.580521,1748524209.580047285,474
2025/05/29-22:10:09.681745,1748524209.680646541,1099
2025/05/29-22:10:09.782482,1748524209.781871220,611
2025/05/29-22:10:09.884828,1748524209.882609706,2218
2025/05/29-22:10:09.985685,1748524209.984950755,734
2025/05/29-22:10:10.87729,1748524210.085804142,1925
2025/05/29-22:10:10.188906,1748524210.187855099,1051
2025/05/29-22:10:10.289557,1748524210.289023764,533
2025/05/29-22:10:10.390308,1748524210.389679400,629
2025/05/29-22:10:10.492348,1748524210.490426391,1922
2025/05/29-22:10:10.592932,1748524210.592469488,462
2025/05/29-22:10:10.693529,1748524210.693052463,477
2025/05/29-22:10:10.794349,1748524210.793645663,703
2025/05/29-22:10:10.897164,1748524210.894466500,2697
2025/05/29-22:10:10.997741,1748524210.997285643,455
2025/05/29-22:10:11.100060,1748524211.097861499,2199
2025/05/29-22:10:11.201697,1748524211.200181130,1516
2025/05/29-22:10:11.302768,1748524211.301818979,949
2025/05/29-22:10:11.404545,1748524211.402885742,1659
2025/05/29-22:10:11.505663,1748524211.504663699,999
2025/05/29-22:10:11.607357,1748524211.605786404,1571
2025/05/29-22:10:11.708441,1748524211.707477153,963
2025/05/29-22:10:11.808998,1748524211.808561307,436
2025/05/29-22:10:11.909713,1748524211.909118251,594
2025/05/29-22:10:12.11572,1748524212.009833621,1738
2025/05/29-22:10:12.112154,1748524212.111694134,460
2025/05/29-22:10:12.212744,1748524212.212276036,468
2025/05/29-22:10:12.313680,1748524212.312863761,817
2025/05/29-22:10:12.415159,1748524212.413793599,1365
2025/05/29-22:10:12.517666,1748524212.515278996,2387
2025/05/29-22:10:12.618590,1748524212.617788015,802
2025/05/29-22:10:12.719456,1748524212.718702194,754
2025/05/29-22:10:12.821690,1748524212.819580322,2110
2025/05/29-22:10:12.922963,1748524212.921811144,1152
2025/05/29-22:10:13.24053,1748524213.023084258,969
2025/05/29-22:10:13.124612,1748524213.124175370,437
2025/05/29-22:10:13.225681,1748524213.224735939,945
2025/05/29-22:10:13.326289,1748524213.325796208,493
2025/05/29-22:10:13.427144,1748524213.426406826,737
2025/05/29-22:10:13.528614,1748524213.527283495,1331
2025/05/29-22:10:13.629225,1748524213.628733105,492
2025/05/29-22:10:13.729915,1748524213.729352735,562
2025/05/29-22:10:13.830975,1748524213.830038136,937
2025/05/29-22:10:13.931995,1748524213.931099713,895
2025/05/29-22:10:14.33716,1748524214.032113934,1602
2025/05/29-22:10:14.137700,1748524214.133834896,3865
2025/05/29-22:10:14.239675,1748524214.237821542,1854
2025/05/29-22:10:14.340761,1748524214.339795503,965
2025/05/29-22:10:14.441344,1748524214.440881615,463
2025/05/29-22:10:14.542698,1748524214.541470210,1228
2025/05/29-22:10:14.644606,1748524214.642813773,1792
2025/05/29-22:10:14.745438,1748524214.744729375,708
2025/05/29-22:10:14.846628,1748524214.845559393,1069
2025/05/29-22:10:14.947690,1748524214.946753160,937
2025/05/29-22:10:15.48659,1748524215.047807579,852
2025/05/29-22:10:15.149717,1748524215.148774513,942
2025/05/29-22:10:15.251717,1748524215.249841696,1875
2025/05/29-22:10:15.352305,1748524215.351840431,464
2025/05/29-22:10:15.452913,1748524215.452424189,489
2025/05/29-22:10:15.553727,1748524215.553032436,694
2025/05/29-22:10:15.654300,1748524215.653847489,453
2025/05/29-22:10:15.755092,1748524215.754417812,674
2025/05/29-22:10:15.857512,1748524215.855215857,2296
2025/05/29-22:10:15.959618,1748524215.957635677,1983
2025/05/29-22:10:16.60594,1748524216.059734513,859
2025/05/29-22:10:16.161221,1748524216.160716988,504
2025/05/29-22:10:16.262009,1748524216.261341801,667
2025/05/29-22:10:16.362936,1748524216.362126788,809
2025/05/29-22:10:16.463510,1748524216.463055392,455
2025/05/29-22:10:16.564690,1748524216.563629499,1061
2025/05/29-22:10:16.665292,1748524216.664811953,480
2025/05/29-22:10:16.766071,1748524216.765414775,657
2025/05/29-22:10:16.867181,1748524216.866191909,989
2025/05/29-22:10:16.968167,1748524216.967297820,869
2025/05/29-22:10:17.69018,1748524217.068285020,733
2025/05/29-22:10:17.169636,1748524217.169141985,494
2025/05/29-22:10:17.270486,1748524217.269758580,728
2025/05/29-22:10:17.371146,1748524217.370605804,540
2025/05/29-22:10:17.473567,1748524217.471270484,2297
2025/05/29-22:10:17.574336,1748524217.573688872,647
2025/05/29-22:10:17.674901,1748524217.674455656,445
2025/05/29-22:10:17.775482,1748524217.775022994,459
2025/05/29-22:10:17.876096,1748524217.875600581,495
2025/05/29-22:10:17.976665,1748524217.976217976,447
2025/05/29-22:10:18.77246,1748524218.076783709,462
2025/05/29-22:10:18.177825,1748524218.177371161,454
2025/05/29-22:10:18.278967,1748524218.277949328,1018
2025/05/29-22:10:18.379741,1748524218.379090450,650
2025/05/29-22:10:18.480705,1748524218.479862379,843
2025/05/29-22:10:18.581299,1748524218.580828382,470
2025/05/29-22:10:18.682402,1748524218.681413104,989
2025/05/29-22:10:18.783758,1748524218.782521518,1237
2025/05/29-22:10:18.884457,1748524218.883884146,573
2025/05/29-22:10:18.985175,1748524218.984581118,594
2025/05/29-22:10:19.85787,1748524219.085305089,482
2025/05/29-22:10:19.186550,1748524219.185911126,639
2025/05/29-22:10:19.287275,1748524219.286672836,602
2025/05/29-22:10:19.388475,1748524219.387391679,1084
2025/05/29-22:10:19.489117,1748524219.488594542,522
2025/05/29-22:10:19.589717,1748524219.589237057,480
2025/05/29-22:10:19.690372,1748524219.689838675,533
2025/05/29-22:10:19.791010,1748524219.790493383,516
2025/05/29-22:10:19.891641,1748524219.891128032,513
2025/05/29-22:10:19.992522,1748524219.991760390,762
2025/05/29-22:10:20.93189,1748524220.092643581,545
2025/05/29-22:10:20.193758,1748524220.193307470,451
2025/05/29-22:10:20.294332,1748524220.293878592,454
2025/05/29-22:10:20.395688,1748524220.394452331,1235
2025/05/29-22:10:20.496668,1748524220.495816082,852
2025/05/29-22:10:20.597273,1748524220.596793965,479
2025/05/29-22:10:20.697861,1748524220.697392301,468
2025/05/29-22:10:20.798543,1748524220.797982634,560
2025/05/29-22:10:20.899182,1748524220.898663780,518
2025/05/29-22:10:20.999897,1748524220.999302702,594
2025/05/29-22:10:21.100515,1748524221.100020842,495
2025/05/29-22:10:21.201160,1748524221.200644607,515
2025/05/29-22:10:21.301807,1748524221.301286124,521
2025/05/29-22:10:21.402503,1748524221.401949128,554
2025/05/29-22:10:21.503738,1748524221.502627161,1111
2025/05/29-22:10:21.604353,1748524221.603859738,493
2025/05/29-22:10:21.704946,1748524221.704473391,472
2025/05/29-22:10:21.805765,1748524221.805064648,700
2025/05/29-22:10:21.906745,1748524221.905890164,854
2025/05/29-22:10:22.7942,1748524222.006868416,1073
2025/05/29-22:10:22.108578,1748524222.108068666,509
2025/05/29-22:10:22.209218,1748524222.208701045,517
2025/05/29-22:10:22.309910,1748524222.309348574,561
2025/05/29-22:10:22.410644,1748524222.410031965,612
2025/05/29-22:10:22.511468,1748524222.510768787,700
2025/05/29-22:10:22.612738,1748524222.611592232,1146
2025/05/29-22:10:22.713418,1748524222.712861713,556
2025/05/29-22:10:22.814084,1748524222.813543020,541
2025/05/29-22:10:22.914846,1748524222.914202951,643
2025/05/29-22:10:23.16074,1748524223.014966594,1107
2025/05/29-22:10:23.116698,1748524223.116195016,503
2025/05/29-22:10:23.217325,1748524223.216820874,504
2025/05/29-22:10:23.318280,1748524223.317446671,833
2025/05/29-22:10:23.419257,1748524223.418402084,855
2025/05/29-22:10:23.519875,1748524223.519386300,489
2025/05/29-22:10:23.620588,1748524223.620002210,585
2025/05/29-22:10:23.721541,1748524223.720721966,819
2025/05/29-22:10:23.822688,1748524223.821666548,1022
2025/05/29-22:10:23.923407,1748524223.922814821,592
2025/05/29-22:10:24.24145,1748524224.023537269,608
2025/05/29-22:10:24.124804,1748524224.124270983,533
2025/05/29-22:10:24.225790,1748524224.224928657,861
2025/05/29-22:10:24.326406,1748524224.325914013,492
2025/05/29-22:10:24.427374,1748524224.426528259,846
2025/05/29-22:10:24.528568,1748524224.527500438,1068
2025/05/29-22:10:24.629434,1748524224.628692770,741
2025/05/29-22:10:24.730154,1748524224.729568919,585
2025/05/29-22:10:24.830830,1748524224.830280932,549
2025/05/29-22:10:24.931452,1748524224.930955574,496
2025/05/29-22:10:25.32058,1748524225.031584345,474
2025/05/29-22:10:25.132728,1748524225.132183249,545
2025/05/29-22:10:25.233405,1748524225.232854313,551
2025/05/29-22:10:25.334359,1748524225.333536620,822
2025/05/29-22:10:25.435749,1748524225.434490772,1259
2025/05/29-22:10:25.537062,1748524225.535879582,1183
2025/05/29-22:10:25.637973,1748524225.637190492,783
2025/05/29-22:10:25.738679,1748524225.738099066,580
2025/05/29-22:10:25.839613,1748524225.838806803,806
2025/05/29-22:10:25.941150,1748524225.939738522,1411
2025/05/29-22:10:26.41868,1748524226.041276109,592
2025/05/29-22:10:26.142850,1748524226.141994318,856
2025/05/29-22:10:26.243560,1748524226.242976092,584
2025/05/29-22:10:26.345831,1748524226.343687227,2144
2025/05/29-22:10:26.446591,1748524226.445962447,628
2025/05/29-22:10:26.547740,1748524226.546717378,1023
2025/05/29-22:10:26.649637,1748524226.647870445,1767
2025/05/29-22:10:26.752176,1748524226.749762133,2414
2025/05/29-22:10:26.852874,1748524226.852304950,569
2025/05/29-22:10:26.953611,1748524226.953001541,610
2025/05/29-22:10:27.54339,1748524227.053744665,594
2025/05/29-22:10:27.155054,1748524227.154476929,577
2025/05/29-22:10:27.256006,1748524227.255179041,827
2025/05/29-22:10:27.356719,1748524227.356133625,585
2025/05/29-22:10:27.457865,1748524227.456846589,1018
2025/05/29-22:10:27.558691,1748524227.557992068,699
2025/05/29-22:10:27.659639,1748524227.658820635,818
2025/05/29-22:10:27.760517,1748524227.759767839,749
2025/05/29-22:10:27.861215,1748524227.860646552,569
2025/05/29-22:10:27.961941,1748524227.961345730,595
2025/05/29-22:10:28.62655,1748524228.062074111,581
2025/05/29-22:10:28.164316,1748524228.162783045,1533
2025/05/29-22:10:28.265020,1748524228.264447786,572
2025/05/29-22:10:28.365781,1748524228.365148775,632
2025/05/29-22:10:28.466824,1748524228.465910999,913
2025/05/29-22:10:28.567598,1748524228.566952665,645
2025/05/29-22:10:28.668350,1748524228.667723638,626
2025/05/29-22:10:28.769272,1748524228.768477278,795
2025/05/29-22:10:28.870003,1748524228.869413789,589
2025/05/29-22:10:28.970753,1748524228.970132955,621
2025/05/29-22:10:29.71450,1748524229.070882170,568
2025/05/29-22:10:29.172536,1748524229.171577389,959
2025/05/29-22:10:29.273246,1748524229.272661724,584
2025/05/29-22:10:29.373987,1748524229.373402975,584
2025/05/29-22:10:29.475370,1748524229.474122381,1247
2025/05/29-22:10:29.576126,1748524229.575506245,619
2025/05/29-22:10:29.676840,1748524229.676261499,579
2025/05/29-22:10:29.777665,1748524229.776975544,689
2025/05/29-22:10:29.878887,1748524229.877797570,1089
2025/05/29-22:10:29.979851,1748524229.979020234,830
2025/05/29-22:10:30.80593,1748524230.079987405,605
2025/05/29-22:10:30.181738,1748524230.180727213,1010
2025/05/29-22:10:30.282597,1748524230.281869180,728
2025/05/29-22:10:30.384130,1748524230.382725105,1405
2025/05/29-22:10:30.484814,1748524230.484265555,548
2025/05/29-22:10:30.585624,1748524230.584937483,687
2025/05/29-22:10:30.686377,1748524230.685756764,621
2025/05/29-22:10:30.787319,1748524230.786503945,815
2025/05/29-22:10:30.888068,1748524230.887451830,616
2025/05/29-22:10:30.988831,1748524230.988203388,628
2025/05/29-22:10:31.89568,1748524231.088960710,607
2025/05/29-22:10:31.190589,1748524231.189699619,890
2025/05/29-22:10:31.291381,1748524231.290721914,659
2025/05/29-22:10:31.392617,1748524231.391511032,1106
2025/05/29-22:10:31.493459,1748524231.492759011,700
2025/05/29-22:10:31.594463,1748524231.593594464,868
2025/05/29-22:10:31.695489,1748524231.694593170,896
2025/05/29-22:10:31.796312,1748524231.795632266,679
2025/05/29-22:10:31.897077,1748524231.896446499,630
2025/05/29-22:10:31.997889,1748524231.997208243,681
2025/05/29-22:10:32.99062,1748524232.098021577,1041
2025/05/29-22:10:32.200232,1748524232.199199113,1033
2025/05/29-22:10:32.301206,1748524232.300362880,843
2025/05/29-22:10:32.402020,1748524232.401336338,684
2025/05/29-22:10:32.502851,1748524232.502158207,692
2025/05/29-22:10:32.603899,1748524232.602983856,915
2025/05/29-22:10:32.705118,1748524232.704031690,1086
2025/05/29-22:10:32.805952,1748524232.805247481,705
2025/05/29-22:10:32.906709,1748524232.906086688,623
2025/05/29-22:10:33.7521,1748524233.006856198,665
2025/05/29-22:10:33.108309,1748524233.107653672,655
2025/05/29-22:10:33.209034,1748524233.208438199,596
2025/05/29-22:10:33.309928,1748524233.309173909,754
2025/05/29-22:10:33.410737,1748524233.410059600,677
2025/05/29-22:10:33.511542,1748524233.510868563,674
2025/05/29-22:10:33.612591,1748524233.611677550,914
2025/05/29-22:10:33.713613,1748524233.712724988,888
2025/05/29-22:10:33.814520,1748524233.813752538,767
2025/05/29-22:10:33.915504,1748524233.914655100,849
2025/05/29-22:10:34.16466,1748524234.015649067,817
2025/05/29-22:10:34.117258,1748524234.116603814,655
2025/05/29-22:10:34.218185,1748524234.217412737,772
2025/05/29-22:10:34.319074,1748524234.318324640,749
2025/05/29-22:10:34.419947,1748524234.419212575,734
2025/05/29-22:10:34.520787,1748524234.520085563,702
2025/05/29-22:10:34.621536,1748524234.620920010,616
2025/05/29-22:10:34.722309,1748524234.721666335,643
2025/05/29-22:10:34.823471,1748524234.822445822,1026
2025/05/29-22:10:34.924372,1748524234.923606765,766
2025/05/29-22:10:35.25154,1748524235.024509086,645
2025/05/29-22:10:35.126031,1748524235.125283609,748
2025/05/29-22:10:35.227037,1748524235.226170169,867
2025/05/29-22:10:35.327845,1748524235.327170572,674
2025/05/29-22:10:35.428642,1748524235.427977299,664
2025/05/29-22:10:35.529557,1748524235.528784152,773
2025/05/29-22:10:35.630379,1748524235.629694401,684
2025/05/29-22:10:35.731365,1748524235.730507663,857
2025/05/29-22:10:35.832365,1748524235.831500171,865
2025/05/29-22:10:35.933217,1748524235.932503740,713
2025/05/29-22:10:36.34143,1748524236.033353027,790
2025/05/29-22:10:36.134928,1748524236.134278548,649
2025/05/29-22:10:36.235853,1748524236.235064882,788
2025/05/29-22:10:36.336626,1748524236.335991615,634
2025/05/29-22:10:36.437511,1748524236.436767640,743
2025/05/29-22:10:36.538478,1748524236.537648878,830
2025/05/29-22:10:36.639291,1748524236.638612570,678
2025/05/29-22:10:36.740044,1748524236.739427302,617
2025/05/29-22:10:36.840939,1748524236.840176758,762
2025/05/29-22:10:36.941831,1748524236.941074965,756
2025/05/29-22:10:37.42699,1748524237.041974425,725
2025/05/29-22:10:37.143619,1748524237.142847495,771
2025/05/29-22:10:37.244410,1748524237.243758393,652
2025/05/29-22:10:37.345391,1748524237.344575565,816
2025/05/29-22:10:37.446321,1748524237.445543922,777
2025/05/29-22:10:37.547205,1748524237.546463227,742
2025/05/29-22:10:37.648029,1748524237.647346498,682
2025/05/29-22:10:37.748847,1748524237.748165971,681
2025/05/29-22:10:37.849796,1748524237.848978111,818
2025/05/29-22:10:37.950812,1748524237.949931070,880
2025/05/29-22:10:38.51647,1748524238.050951078,696
2025/05/29-22:10:38.152554,1748524238.151786129,768
2025/05/29-22:10:38.253397,1748524238.252692181,705
2025/05/29-22:10:38.354321,1748524238.353535217,785
2025/05/29-22:10:38.455097,1748524238.454459830,637
2025/05/29-22:10:38.555889,1748524238.555236737,652
2025/05/29-22:10:38.656705,1748524238.656009376,695
2025/05/29-22:10:38.757665,1748524238.756849222,816
2025/05/29-22:10:38.858482,1748524238.857801135,681
2025/05/29-22:10:38.959314,1748524238.958616529,697
2025/05/29-22:10:39.60293,1748524239.059460764,833
2025/05/29-22:10:39.161168,1748524239.160440686,727
2025/05/29-22:10:39.262309,1748524239.261322300,987
2025/05/29-22:10:39.363155,1748524239.362445774,709
2025/05/29-22:10:39.464038,1748524239.463304017,734
2025/05/29-22:10:39.565016,1748524239.564190211,826
2025/05/29-22:10:39.665912,1748524239.665154215,758
2025/05/29-22:10:39.766834,1748524239.766065250,769
2025/05/29-22:10:39.867731,1748524239.866971954,759
2025/05/29-22:10:39.968756,1748524239.967892179,864
2025/05/29-22:10:40.69667,1748524240.068914831,752
2025/05/29-22:10:40.170574,1748524240.169811241,763
2025/05/29-22:10:40.271486,1748524240.270722823,763
2025/05/29-22:10:40.372656,1748524240.371654442,1001
2025/05/29-22:10:40.473582,1748524240.472799831,782
2025/05/29-22:10:40.574641,1748524240.573730109,911
2025/05/29-22:10:40.675613,1748524240.674794365,818
2025/05/29-22:10:40.776512,1748524240.775758942,753
2025/05/29-22:10:40.877423,1748524240.876661097,762
2025/05/29-22:10:40.978437,1748524240.977567256,870
2025/05/29-22:10:41.79528,1748524241.078586956,941
2025/05/29-22:10:41.180439,1748524241.179671060,768
2025/05/29-22:10:41.281408,1748524241.280587498,820
2025/05/29-22:10:41.382446,1748524241.381589827,856
2025/05/29-22:10:41.483418,1748524241.482603287,815
2025/05/29-22:10:41.584398,1748524241.583573943,824
2025/05/29-22:10:41.685354,1748524241.684556782,797
2025/05/29-22:10:41.786558,1748524241.785554794,1003
2025/05/29-22:10:41.887508,1748524241.886707722,800
2025/05/29-22:10:41.988587,1748524241.987658366,929
2025/05/29-22:10:42.89521,1748524242.088733641,787
2025/05/29-22:10:42.190570,1748524242.189700917,870
2025/05/29-22:10:42.291577,1748524242.290734953,842
2025/05/29-22:10:42.392502,1748524242.391724426,777
2025/05/29-22:10:42.493590,1748524242.492666427,923
2025/05/29-22:10:42.594607,1748524242.593754399,852
2025/05/29-22:10:42.695578,1748524242.694764224,813
2025/05/29-22:10:42.796517,1748524242.795723167,794
2025/05/29-22:10:42.897494,1748524242.896677922,816
2025/05/29-22:10:42.998416,1748524242.997646246,770
2025/05/29-22:10:43.99360,1748524243.098574324,785
2025/05/29-22:10:43.200368,1748524243.199520336,847
2025/05/29-22:10:43.301368,1748524243.300513465,854
2025/05/29-22:10:43.402441,1748524243.401533818,907
2025/05/29-22:10:43.503395,1748524243.502583982,811
2025/05/29-22:10:43.604372,1748524243.603554067,818
2025/05/29-22:10:43.705387,1748524243.704527002,860
2025/05/29-22:10:43.806375,1748524243.805546432,829
2025/05/29-22:10:43.907248,1748524243.906516700,731
2025/05/29-22:10:44.8173,1748524244.007419418,754
2025/05/29-22:10:44.109153,1748524244.108331191,822
2025/05/29-22:10:44.210253,1748524244.209311576,942
2025/05/29-22:10:44.311093,1748524244.310390888,702
2025/05/29-22:10:44.412046,1748524244.411241653,804
2025/05/29-22:10:44.513012,1748524244.512201312,811
2025/05/29-22:10:44.614068,1748524244.613162659,905
2025/05/29-22:10:44.715052,1748524244.714215182,837
2025/05/29-22:10:44.815993,1748524244.815204908,788
2025/05/29-22:10:44.916944,1748524244.916133768,810
2025/05/29-22:10:45.17984,1748524245.017109163,875
2025/05/29-22:10:45.118944,1748524245.118141898,802
2025/05/29-22:10:45.219998,1748524245.219110921,887
2025/05/29-22:10:45.321103,1748524245.320150085,953
2025/05/29-22:10:45.422056,1748524245.421248260,808
2025/05/29-22:10:45.523097,1748524245.522210338,886
2025/05/29-22:10:45.624152,1748524245.623243798,908
2025/05/29-22:10:45.725120,1748524245.724288737,831
2025/05/29-22:10:45.826161,1748524245.825270294,891
2025/05/29-22:10:45.927229,1748524245.926337089,892
2025/05/29-22:10:46.28310,1748524246.027391476,918
2025/05/29-22:10:46.129316,1748524246.128474528,842
2025/05/29-22:10:46.230390,1748524246.229479245,911
2025/05/29-22:10:46.331345,1748524246.330544698,800
2025/05/29-22:10:46.432496,1748524246.431522808,973
2025/05/29-22:10:46.533466,1748524246.532638766,828
2025/05/29-22:10:46.634524,1748524246.633615653,908
2025/05/29-22:10:46.735482,1748524246.734676061,806
2025/05/29-22:10:46.836340,1748524246.835626777,713
2025/05/29-22:10:46.937204,1748524246.936489562,714
2025/05/29-22:10:47.38322,1748524247.037353657,969
2025/05/29-22:10:47.139332,1748524247.138474141,858
2025/05/29-22:10:47.240442,1748524247.239487116,955
2025/05/29-22:10:47.341363,1748524247.340592226,770
2025/05/29-22:10:47.442365,1748524247.441516088,849
2025/05/29-22:10:47.543301,1748524247.542509727,791
2025/05/29-22:10:47.644484,1748524247.643479156,1005
2025/05/29-22:10:47.745339,1748524247.744636727,702
2025/05/29-22:10:47.846407,1748524247.845506642,901
2025/05/29-22:10:47.947329,1748524247.946563054,766
2025/05/29-22:10:48.48270,1748524248.047477181,793
2025/05/29-22:10:48.149165,1748524248.148413343,752
2025/05/29-22:10:48.250192,1748524248.249334368,857
2025/05/29-22:10:48.351300,1748524248.350367670,932
2025/05/29-22:10:48.452218,1748524248.451445472,773
2025/05/29-22:10:48.553155,1748524248.552375855,779
2025/05/29-22:10:48.654184,1748524248.653303401,880
2025/05/29-22:10:48.755155,1748524248.754326876,828
2025/05/29-22:10:48.856276,1748524248.855315118,961
2025/05/29-22:10:48.957187,1748524248.956425920,761
2025/05/29-22:10:49.58089,1748524249.057329455,759
2025/05/29-22:10:49.159028,1748524249.158236143,792
2025/05/29-22:10:49.259955,1748524249.259164922,790
2025/05/29-22:10:49.361047,1748524249.360104151,943
2025/05/29-22:10:49.462056,1748524249.461201112,855
2025/05/29-22:10:49.563108,1748524249.562217508,891
2025/05/29-22:10:49.664223,1748524249.663270807,952
2025/05/29-22:10:49.765099,1748524249.764376792,722
2025/05/29-22:10:49.866125,1748524249.865249389,875
2025/05/29-22:10:49.967123,1748524249.966286465,837
2025/05/29-22:10:50.68240,1748524250.067275894,964
2025/05/29-22:10:50.169179,1748524250.168384540,794
2025/05/29-22:10:50.270280,1748524250.269345852,934
2025/05/29-22:10:50.371221,1748524250.370444069,777
2025/05/29-22:10:50.472197,1748524250.471393181,804
2025/05/29-22:10:50.573175,1748524250.572367175,808
2025/05/29-22:10:50.674212,1748524250.673324479,888
2025/05/29-22:10:50.775307,1748524250.774359350,948
2025/05/29-22:10:50.876176,1748524250.875455237,721
2025/05/29-22:10:50.977295,1748524250.976349000,946
2025/05/29-22:10:51.78292,1748524251.077454044,837
2025/05/29-22:10:51.179426,1748524251.178471103,954
2025/05/29-22:10:51.280459,1748524251.279579543,880
2025/05/29-22:10:51.381526,1748524251.380615640,911
2025/05/29-22:10:51.482534,1748524251.481695431,838
2025/05/29-22:10:51.583600,1748524251.582694448,905
2025/05/29-22:10:51.684580,1748524251.683749460,831
2025/05/29-22:10:51.785709,1748524251.784717949,991
2025/05/29-22:10:51.886817,1748524251.885868651,948
2025/05/29-22:10:51.987844,1748524251.986987488,857
2025/05/29-22:10:52.88807,1748524252.087990259,816
2025/05/29-22:10:52.189929,1748524252.188973502,956
2025/05/29-22:10:52.290895,1748524252.290079451,815
2025/05/29-22:10:52.391904,1748524252.391067205,837
2025/05/29-22:10:52.493104,1748524252.492056021,1048
2025/05/29-22:10:52.594223,1748524252.593253186,969
2025/05/29-22:10:52.695243,1748524252.694389475,854
2025/05/29-22:10:52.796377,1748524252.795428397,949
2025/05/29-22:10:52.897375,1748524252.896528383,847
2025/05/29-22:10:52.998361,1748524252.997557436,803
2025/05/29-22:10:53.99463,1748524253.098532010,931
2025/05/29-22:10:53.200535,1748524253.199651748,883
2025/05/29-22:10:53.301403,1748524253.300683626,720
2025/05/29-22:10:53.402508,1748524253.401591240,917
2025/05/29-22:10:53.503688,1748524253.502682281,1006
2025/05/29-22:10:53.604806,1748524253.603848888,957
2025/05/29-22:10:53.706080,1748524253.704992037,1088
2025/05/29-22:10:53.807080,1748524253.806227269,852
2025/05/29-22:10:53.908257,1748524253.907230844,1026
2025/05/29-22:10:54.9241,1748524254.008417828,823
2025/05/29-22:10:54.110298,1748524254.109400403,898
2025/05/29-22:10:54.211434,1748524254.210459295,974
2025/05/29-22:10:54.312418,1748524254.311603497,814
2025/05/29-22:10:54.413365,1748524254.412580530,785
2025/05/29-22:10:54.514542,1748524254.513529630,1013
2025/05/29-22:10:54.615537,1748524254.614692265,845
2025/05/29-22:10:54.716515,1748524254.715679118,836
2025/05/29-22:10:54.817419,1748524254.816657108,762
2025/05/29-22:10:54.918483,1748524254.917586979,896
2025/05/29-22:10:55.19448,1748524255.018652282,796
2025/05/29-22:10:55.120608,1748524255.119629597,979
2025/05/29-22:10:55.221573,1748524255.220758843,814
2025/05/29-22:10:55.322700,1748524255.321752217,947
2025/05/29-22:10:55.423733,1748524255.422851477,881
2025/05/29-22:10:55.524751,1748524255.523903134,848
2025/05/29-22:10:55.625830,1748524255.624913809,916
2025/05/29-22:10:55.726880,1748524255.725981914,898
2025/05/29-22:10:55.827922,1748524255.827072224,850
2025/05/29-22:10:55.928819,1748524255.928064504,754
2025/05/29-22:10:56.29853,1748524256.028966362,886
2025/05/29-22:10:56.130782,1748524256.130000813,781
2025/05/29-22:10:56.231949,1748524256.230962598,987
2025/05/29-22:10:56.332883,1748524256.332100161,782
2025/05/29-22:10:56.434060,1748524256.433036760,1024
2025/05/29-22:10:56.535232,1748524256.534235807,996
2025/05/29-22:10:56.636395,1748524256.635441734,953
2025/05/29-22:10:56.737573,1748524256.736562086,1011
2025/05/29-22:10:56.838935,1748524256.837775607,1159
2025/05/29-22:10:56.940094,1748524256.939107388,987
2025/05/29-22:10:57.41006,1748524257.040258279,748
2025/05/29-22:10:57.142232,1748524257.141165515,1067
2025/05/29-22:10:57.243374,1748524257.242406125,968
2025/05/29-22:10:57.344470,1748524257.343529636,940
2025/05/29-22:10:57.445444,1748524257.444613470,830
2025/05/29-22:10:57.546718,1748524257.545590147,1127
2025/05/29-22:10:57.647702,1748524257.646867798,834
2025/05/29-22:10:57.748698,1748524257.747883721,814
2025/05/29-22:10:57.849764,1748524257.848839843,924
2025/05/29-22:10:57.950872,1748524257.949916684,955
2025/05/29-22:10:58.52046,1748524258.051039104,1007
2025/05/29-22:10:58.153094,1748524258.152225210,869
2025/05/29-22:10:58.254251,1748524258.253249580,1002
2025/05/29-22:10:58.355233,1748524258.354402029,831
2025/05/29-22:10:58.456231,1748524258.455382835,849
2025/05/29-22:10:58.557238,1748524258.556381031,857
2025/05/29-22:10:58.658323,1748524258.657392958,930
2025/05/29-22:10:58.759523,1748524258.758502066,1021
2025/05/29-22:10:58.860571,1748524258.859682781,889
2025/05/29-22:10:58.961773,1748524258.960752857,1020
2025/05/29-22:10:59.62773,1748524259.061933629,840
2025/05/29-22:10:59.163915,1748524259.162942671,973
2025/05/29-22:10:59.264941,1748524259.264073526,868
2025/05/29-22:10:59.365964,1748524259.365090460,874
2025/05/29-22:10:59.466934,1748524259.466113754,820
2025/05/29-22:10:59.567857,1748524259.567095666,762
2025/05/29-22:10:59.669138,1748524259.668045322,1093
2025/05/29-22:10:59.770334,1748524259.769321092,1013
2025/05/29-22:10:59.871488,1748524259.870522790,965
2025/05/29-22:10:59.972611,1748524259.971648355,962
2025/05/29-22:11:00.73683,1748524260.072762102,921
2025/05/29-22:11:00.174699,1748524260.173858881,840
2025/05/29-22:11:00.275963,1748524260.274891605,1072
2025/05/29-22:11:00.377334,1748524260.376176299,1158
2025/05/29-22:11:00.478533,1748524260.477512439,1021
2025/05/29-22:11:00.579579,1748524260.578698946,880
2025/05/29-22:11:00.680700,1748524260.679759174,940
2025/05/29-22:11:00.782075,1748524260.780877820,1198
2025/05/29-22:11:00.883014,1748524260.882236398,778
2025/05/29-22:11:00.984267,1748524260.983209789,1057
2025/05/29-22:11:01.85297,1748524261.084417081,880
2025/05/29-22:11:01.186529,1748524261.185524412,1005
2025/05/29-22:11:01.287729,1748524261.286723958,1005
2025/05/29-22:11:01.389125,1748524261.387921030,1204
2025/05/29-22:11:01.490121,1748524261.489292782,828
2025/05/29-22:11:01.591155,1748524261.590273894,881
2025/05/29-22:11:01.692275,1748524261.691315209,960
2025/05/29-22:11:01.793562,1748524261.792452383,1109
2025/05/29-22:11:01.894754,1748524261.893732150,1021
2025/05/29-22:11:01.996014,1748524261.994934229,1079
2025/05/29-22:11:02.97103,1748524262.096189650,913
2025/05/29-22:11:02.198395,1748524262.197284845,1110
2025/05/29-22:11:02.299536,1748524262.298554599,981
2025/05/29-22:11:02.400791,1748524262.399738165,1053
2025/05/29-22:11:02.502100,1748524262.500975735,1125
2025/05/29-22:11:02.603194,1748524262.602269679,924
2025/05/29-22:11:02.704361,1748524262.703375277,986
2025/05/29-22:11:02.805576,1748524262.804543399,1033
2025/05/29-22:11:02.906781,1748524262.905766957,1014
2025/05/29-22:11:03.8020,1748524263.006959617,1060
2025/05/29-22:11:03.109236,1748524263.108223905,1012
2025/05/29-22:11:03.210453,1748524263.209416199,1036
2025/05/29-22:11:03.311477,1748524263.310602058,875
2025/05/29-22:11:03.412587,1748524263.411626343,961
2025/05/29-22:11:03.513970,1748524263.512773669,1196
2025/05/29-22:11:03.615224,1748524263.614178314,1045
2025/05/29-22:11:03.716319,1748524263.715393922,925
2025/05/29-22:11:03.817470,1748524263.816497407,973
2025/05/29-22:11:03.918576,1748524263.917650354,926
2025/05/29-22:11:04.19805,1748524264.018757924,1047
2025/05/29-22:11:04.120857,1748524264.120002993,854
2025/05/29-22:11:04.221973,1748524264.221031077,942
2025/05/29-22:11:04.323206,1748524264.322157439,1048
2025/05/29-22:11:04.424346,1748524264.423392228,954
2025/05/29-22:11:04.525438,1748524264.524506440,932
2025/05/29-22:11:04.626403,1748524264.625597418,806
2025/05/29-22:11:04.727388,1748524264.726553492,834
2025/05/29-22:11:04.828429,1748524264.827543158,886
2025/05/29-22:11:04.929573,1748524264.928598397,975
2025/05/29-22:11:05.30742,1748524265.029751534,990
2025/05/29-22:11:05.131747,1748524265.130918940,828
2025/05/29-22:11:05.233235,1748524265.231953713,1281
2025/05/29-22:11:05.334374,1748524265.333385912,988
2025/05/29-22:11:05.435601,1748524265.434535567,1066
2025/05/29-22:11:05.536788,1748524265.535755508,1032
2025/05/29-22:11:05.638013,1748524265.636968809,1044
2025/05/29-22:11:05.739224,1748524265.738186005,1038
2025/05/29-22:11:05.840576,1748524265.839419240,1156
2025/05/29-22:11:05.941832,1748524265.940745672,1086
2025/05/29-22:11:06.42898,1748524266.041974232,924
2025/05/29-22:11:06.143997,1748524266.143054320,943
2025/05/29-22:11:06.245245,1748524266.244180039,1065
2025/05/29-22:11:06.346394,1748524266.345410556,983
2025/05/29-22:11:06.447752,1748524266.446570362,1181
2025/05/29-22:11:06.549042,1748524266.547937747,1104
2025/05/29-22:11:06.650280,1748524266.649212390,1067
2025/05/29-22:11:06.751269,1748524266.750432895,836
2025/05/29-22:11:06.852556,1748524266.851446281,1110
2025/05/29-22:11:06.953890,1748524266.952723745,1166
2025/05/29-22:11:07.55339,1748524267.054056164,1283
2025/05/29-22:11:07.156554,1748524267.155528604,1026
2025/05/29-22:11:07.257855,1748524267.256728266,1127
2025/05/29-22:11:07.359120,1748524267.358028610,1092
2025/05/29-22:11:07.460232,1748524267.459272978,959
2025/05/29-22:11:07.561508,1748524267.560406129,1102
2025/05/29-22:11:07.662552,1748524267.661665744,887
2025/05/29-22:11:07.763902,1748524267.762753868,1148
2025/05/29-22:11:07.865186,1748524267.864083944,1102
2025/05/29-22:11:07.966637,1748524267.965363779,1273
2025/05/29-22:11:08.67897,1748524268.066802353,1095
2025/05/29-22:11:08.169170,1748524268.168079973,1090
2025/05/29-22:11:08.270452,1748524268.269334984,1117
2025/05/29-22:11:08.371615,1748524268.370616843,999
2025/05/29-22:11:08.473014,1748524268.471806235,1207
2025/05/29-22:11:08.574390,1748524268.573207742,1182
2025/05/29-22:11:08.675505,1748524268.674553866,952
2025/05/29-22:11:08.776828,1748524268.775689197,1139
2025/05/29-22:11:08.878016,1748524268.876982533,1034
2025/05/29-22:11:08.979157,1748524268.978194912,962
2025/05/29-22:11:09.80369,1748524269.079359977,1009
2025/05/29-22:11:09.181546,1748524269.180547982,998
2025/05/29-22:11:09.282715,1748524269.281726513,988
2025/05/29-22:11:09.383886,1748524269.382891227,994
2025/05/29-22:11:09.485066,1748524269.484090203,975
2025/05/29-22:11:09.586204,1748524269.585214563,989
2025/05/29-22:11:09.687279,1748524269.686364896,914
2025/05/29-22:11:09.788406,1748524269.787444005,962
2025/05/29-22:11:09.889402,1748524269.888565320,837
2025/05/29-22:11:09.990837,1748524269.989599246,1238
2025/05/29-22:11:10.92122,1748524270.090997790,1124
2025/05/29-22:11:10.193543,1748524270.192311594,1231
2025/05/29-22:11:10.294911,1748524270.293724273,1186
2025/05/29-22:11:10.396096,1748524270.395068205,1028
2025/05/29-22:11:10.497252,1748524270.496254831,997
2025/05/29-22:11:10.598230,1748524270.597407129,823
2025/05/29-22:11:10.699384,1748524270.698414078,970
2025/05/29-22:11:10.800765,1748524270.799605153,1160
2025/05/29-22:11:10.902083,1748524270.900962566,1120
2025/05/29-22:11:11.3255,1748524271.002242984,1012
2025/05/29-22:11:11.104444,1748524271.103418326,1026
2025/05/29-22:11:11.205815,1748524271.204625997,1189
2025/05/29-22:11:11.306917,1748524271.305997396,919
2025/05/29-22:11:11.408179,1748524271.407097566,1081
2025/05/29-22:11:11.509588,1748524271.508371995,1216
2025/05/29-22:11:11.610885,1748524271.609775051,1110
2025/05/29-22:11:11.712014,1748524271.711057544,956
2025/05/29-22:11:11.813299,1748524271.812191924,1107
2025/05/29-22:11:11.914743,1748524271.913505696,1237
2025/05/29-22:11:12.15838,1748524272.014900240,938
2025/05/29-22:11:12.117020,1748524272.115995611,1025
2025/05/29-22:11:12.218410,1748524272.217178259,1232
2025/05/29-22:11:12.319657,1748524272.318586562,1071
2025/05/29-22:11:12.421283,1748524272.419863850,1419
2025/05/29-22:11:12.522632,1748524272.521448229,1183
2025/05/29-22:11:12.623717,1748524272.622791839,925
2025/05/29-22:11:12.725092,1748524272.723873076,1218
2025/05/29-22:11:12.826475,1748524272.825258665,1217
2025/05/29-22:11:12.927657,1748524272.926642146,1015
2025/05/29-22:11:13.29092,1748524273.027848849,1243
2025/05/29-22:11:13.130329,1748524273.129273544,1056
2025/05/29-22:11:13.231478,1748524273.230525511,952
2025/05/29-22:11:13.332575,1748524273.331638354,936
2025/05/29-22:11:13.433795,1748524273.432728469,1066
2025/05/29-22:11:13.535146,1748524273.533984185,1162
2025/05/29-22:11:13.636417,1748524273.635324375,1092
2025/05/29-22:11:13.737760,1748524273.736574976,1185
2025/05/29-22:11:13.839117,1748524273.837946886,1170
2025/05/29-22:11:13.940270,1748524273.939292081,978
2025/05/29-22:11:14.41555,1748524274.040467668,1088
2025/05/29-22:11:14.142931,1748524274.141731059,1200
2025/05/29-22:11:14.244315,1748524274.243119565,1196
2025/05/29-22:11:14.345692,1748524274.344488510,1203
2025/05/29-22:11:14.447238,1748524274.445892603,1346
2025/05/29-22:11:14.548541,1748524274.547419800,1122
2025/05/29-22:11:14.649630,1748524274.648692115,938
2025/05/29-22:11:14.750964,1748524274.749801615,1163
2025/05/29-22:11:14.852372,1748524274.851146825,1225
2025/05/29-22:11:14.953804,1748524274.952557228,1246
2025/05/29-22:11:15.55156,1748524275.053994253,1162
2025/05/29-22:11:15.156782,1748524275.155331191,1450
2025/05/29-22:11:15.258361,1748524275.256995786,1365
2025/05/29-22:11:15.359852,1748524275.358550663,1302
2025/05/29-22:11:15.461210,1748524275.460047775,1163
2025/05/29-22:11:15.562557,1748524275.561409890,1147
2025/05/29-22:11:15.663992,1748524275.662752931,1239
2025/05/29-22:11:15.765115,1748524275.764155554,959
2025/05/29-22:11:15.866452,1748524275.865278080,1174
2025/05/29-22:11:15.967895,1748524275.966658603,1237
2025/05/29-22:11:16.69247,1748524276.068091216,1155
2025/05/29-22:11:16.170696,1748524276.169442134,1254
2025/05/29-22:11:16.272114,1748524276.270915929,1198
2025/05/29-22:11:16.373380,1748524276.372279917,1100
2025/05/29-22:11:16.474621,1748524276.473568505,1052
2025/05/29-22:11:16.575940,1748524276.574784632,1155
2025/05/29-22:11:16.677210,1748524276.676123349,1087
2025/05/29-22:11:16.778758,1748524276.777394707,1363
2025/05/29-22:11:16.880242,1748524276.878942155,1300
2025/05/29-22:11:16.981652,1748524276.980441073,1211
2025/05/29-22:11:17.83101,1748524277.081828673,1272
2025/05/29-22:11:17.184128,1748524277.183278643,849
2025/05/29-22:11:17.285405,1748524277.284305035,1100
2025/05/29-22:11:17.386777,1748524277.385582159,1195
2025/05/29-22:11:17.488351,1748524277.486989483,1362
2025/05/29-22:11:17.589936,1748524277.588545381,1391
2025/05/29-22:11:17.691405,1748524277.690143321,1262
2025/05/29-22:11:17.793142,1748524277.791635000,1507
2025/05/29-22:11:17.894525,1748524277.893340147,1185
2025/05/29-22:11:17.995905,1748524277.994717456,1188
2025/05/29-22:11:18.96909,1748524278.096059928,849
2025/05/29-22:11:18.198248,1748524278.197087407,1161
2025/05/29-22:11:18.299519,1748524278.298443877,1075
2025/05/29-22:11:18.400975,1748524278.399699582,1275
2025/05/29-22:11:18.502411,1748524278.501199718,1211
2025/05/29-22:11:18.603869,1748524278.602606754,1263
2025/05/29-22:11:18.705184,1748524278.704065799,1118
2025/05/29-22:11:18.806341,1748524278.805345747,995
2025/05/29-22:11:18.907630,1748524278.906520739,1109
2025/05/29-22:11:19.8846,1748524279.007820799,1025
2025/05/29-22:11:19.110258,1748524279.109029288,1228
2025/05/29-22:11:19.211644,1748524279.210459537,1184
2025/05/29-22:11:19.313097,1748524279.311824741,1272
2025/05/29-22:11:19.414440,1748524279.413265743,1174
2025/05/29-22:11:19.515611,1748524279.514630871,980
2025/05/29-22:11:19.616910,1748524279.615805625,1104
2025/05/29-22:11:19.718401,1748524279.717083818,1317
2025/05/29-22:11:19.819862,1748524279.818580087,1282
2025/05/29-22:11:19.921158,1748524279.920036748,1121
2025/05/29-22:11:20.22526,1748524280.021341961,1184
2025/05/29-22:11:20.123759,1748524280.122703621,1056
2025/05/29-22:11:20.224933,1748524280.223929511,1004
2025/05/29-22:11:20.326147,1748524280.325098376,1049
2025/05/29-22:11:20.427512,1748524280.426318999,1193
2025/05/29-22:11:20.529088,1748524280.527731093,1357
2025/05/29-22:11:20.630349,1748524280.629283998,1065
2025/05/29-22:11:20.731805,1748524280.730551706,1253
2025/05/29-22:11:20.833044,1748524280.831976866,1067
2025/05/29-22:11:20.934262,1748524280.933227932,1034
2025/05/29-22:11:21.35581,1748524281.034441052,1140
2025/05/29-22:11:21.136939,1748524281.135764341,1174
2025/05/29-22:11:21.238419,1748524281.237156389,1263
2025/05/29-22:11:21.339907,1748524281.338631997,1275
2025/05/29-22:11:21.441335,1748524281.440089223,1246
2025/05/29-22:11:21.542777,1748524281.541538595,1238
2025/05/29-22:11:21.644156,1748524281.642973306,1183
2025/05/29-22:11:21.745672,1748524281.744352324,1320
2025/05/29-22:11:21.847103,1748524281.845858915,1245
2025/05/29-22:11:21.948596,1748524281.947295180,1301
2025/05/29-22:11:22.49940,1748524282.048776896,1163
2025/05/29-22:11:22.151265,1748524282.150126801,1138
2025/05/29-22:11:22.252624,1748524282.251473637,1150
2025/05/29-22:11:22.353894,1748524282.352801618,1092
2025/05/29-22:11:22.455284,1748524282.454062952,1221
2025/05/29-22:11:22.556752,1748524282.555491760,1261
2025/05/29-22:11:22.658176,1748524282.656942411,1234
2025/05/29-22:11:22.759586,1748524282.758405854,1180
2025/05/29-22:11:22.861108,1748524282.859809489,1299
2025/05/29-22:11:22.962541,1748524282.961307982,1233
2025/05/29-22:11:23.64051,1748524283.062727791,1323
2025/05/29-22:11:23.165618,1748524283.164234060,1384
2025/05/29-22:11:23.267069,1748524283.265809151,1260
2025/05/29-22:11:23.368565,1748524283.367289565,1275
2025/05/29-22:11:23.469752,1748524283.468770788,981
2025/05/29-22:11:23.571224,1748524283.569954942,1269
2025/05/29-22:11:23.672590,1748524283.671419820,1170
2025/05/29-22:11:23.774160,1748524283.772823829,1336
2025/05/29-22:11:23.875526,1748524283.874364217,1161
2025/05/29-22:11:23.976893,1748524283.975717213,1176
2025/05/29-22:11:24.78334,1748524284.077088051,1246
2025/05/29-22:11:24.179683,1748524284.178504617,1178
2025/05/29-22:11:24.281177,1748524284.279866909,1310
2025/05/29-22:11:24.382684,1748524284.381386437,1298
2025/05/29-22:11:24.484068,1748524284.482882105,1186
2025/05/29-22:11:24.585406,1748524284.584256772,1149
2025/05/29-22:11:24.686822,1748524284.685597629,1224
2025/05/29-22:11:24.788170,1748524284.787030266,1140
2025/05/29-22:11:24.889622,1748524284.888357940,1264
2025/05/29-22:11:24.991003,1748524284.989790474,1213
2025/05/29-22:11:25.92326,1748524285.091174571,1151
2025/05/29-22:11:25.193874,1748524285.192525178,1349
2025/05/29-22:11:25.295274,1748524285.294070541,1203
2025/05/29-22:11:25.396440,1748524285.395429388,1010
2025/05/29-22:11:25.497702,1748524285.496629172,1073
2025/05/29-22:11:25.599073,1748524285.597904844,1168
2025/05/29-22:11:25.700520,1748524285.699288897,1231
2025/05/29-22:11:25.802173,1748524285.800732934,1440
2025/05/29-22:11:25.903274,1748524285.902342561,932
2025/05/29-22:11:26.4526,1748524286.003457890,1069
2025/05/29-22:11:26.105919,1748524286.104701128,1218
2025/05/29-22:11:26.207216,1748524286.206102272,1113
2025/05/29-22:11:26.308571,1748524286.307414759,1156
2025/05/29-22:11:26.410134,1748524286.408775143,1359
2025/05/29-22:11:26.511341,1748524286.510316042,1025
2025/05/29-22:11:26.612577,1748524286.611547018,1030
2025/05/29-22:11:26.714240,1748524286.712801375,1439
2025/05/29-22:11:26.815729,1748524286.814446196,1283
2025/05/29-22:11:26.917158,1748524286.915943297,1215
2025/05/29-22:11:27.18458,1748524287.017339365,1118
2025/05/29-22:11:27.119787,1748524287.118637211,1150
2025/05/29-22:11:27.221242,1748524287.220006029,1236
2025/05/29-22:11:27.322780,1748524287.321449907,1330
2025/05/29-22:11:27.424209,1748524287.422986478,1222
2025/05/29-22:11:27.525753,1748524287.524394976,1358
2025/05/29-22:11:27.627014,1748524287.625947480,1066
2025/05/29-22:11:27.728505,1748524287.727196925,1308
2025/05/29-22:11:27.829811,1748524287.828700120,1111
2025/05/29-22:11:27.931311,1748524287.930018243,1292
2025/05/29-22:11:28.32810,1748524288.031521367,1289
2025/05/29-22:11:28.134330,1748524288.132984624,1345
2025/05/29-22:11:28.235906,1748524288.234557637,1348
2025/05/29-22:11:28.337409,1748524288.336123138,1286
2025/05/29-22:11:28.438922,1748524288.437651916,1270
2025/05/29-22:11:28.540283,1748524288.539082864,1200
2025/05/29-22:11:28.641753,1748524288.640496045,1257
2025/05/29-22:11:28.743216,1748524288.741962311,1254
2025/05/29-22:11:28.844784,1748524288.843423774,1360
2025/05/29-22:11:28.946447,1748524288.944989871,1457
2025/05/29-22:11:29.47993,1748524289.046652040,1340
2025/05/29-22:11:29.149561,1748524289.148180622,1380
2025/05/29-22:11:29.250971,1748524289.249747636,1223
2025/05/29-22:11:29.352421,1748524289.351143050,1278
2025/05/29-22:11:29.453879,1748524289.452632495,1247
2025/05/29-22:11:29.555340,1748524289.554050631,1290
2025/05/29-22:11:29.656794,1748524289.655543860,1250
2025/05/29-22:11:29.758441,1748524289.757013147,1427
2025/05/29-22:11:29.859883,1748524289.858638966,1244
2025/05/29-22:11:29.961394,1748524289.960100197,1294
2025/05/29-22:11:30.62809,1748524290.061594828,1214
2025/05/29-22:11:30.164108,1748524290.162993786,1114
2025/05/29-22:11:30.265529,1748524290.264313249,1216
2025/05/29-22:11:30.367022,1748524290.365740976,1281
2025/05/29-22:11:30.468242,1748524290.467208367,1033
2025/05/29-22:11:30.569529,1748524290.568413122,1116
2025/05/29-22:11:30.670871,1748524290.669729084,1142
2025/05/29-22:11:30.772314,1748524290.771083648,1230
2025/05/29-22:11:30.873873,1748524290.872499217,1374
2025/05/29-22:11:30.975282,1748524290.974085868,1196
2025/05/29-22:11:31.76636,1748524291.075456296,1180
2025/05/29-22:11:31.177994,1748524291.176817498,1177
2025/05/29-22:11:31.279312,1748524291.278183943,1128
2025/05/29-22:11:31.380644,1748524291.379519296,1125
2025/05/29-22:11:31.482060,1748524291.480853462,1207
2025/05/29-22:11:31.583381,1748524291.582235827,1145
2025/05/29-22:11:31.684799,1748524291.683581111,1218
2025/05/29-22:11:31.786246,1748524291.785008551,1238
2025/05/29-22:11:31.887740,1748524291.886444372,1296
2025/05/29-22:11:31.989196,1748524291.987953686,1243
2025/05/29-22:11:32.90436,1748524292.089362322,1074
2025/05/29-22:11:32.191646,1748524292.190635456,1011
2025/05/29-22:11:32.293007,1748524292.291843264,1163
2025/05/29-22:11:32.394488,1748524292.393209411,1279
2025/05/29-22:11:32.495789,1748524292.494694638,1094
2025/05/29-22:11:32.597348,1748524292.596006232,1342
2025/05/29-22:11:32.698969,1748524292.697615901,1353
2025/05/29-22:11:32.800403,1748524292.799187740,1216
2025/05/29-22:11:32.901918,1748524292.900631777,1286
2025/05/29-22:11:33.3376,1748524293.002142510,1233
2025/05/29-22:11:33.104718,1748524293.103565830,1152
2025/05/29-22:11:33.206226,1748524293.204920606,1306
2025/05/29-22:11:33.307727,1748524293.306457355,1270
2025/05/29-22:11:33.409290,1748524293.407937041,1353
2025/05/29-22:11:33.510867,1748524293.509515290,1352
2025/05/29-22:11:33.612323,1748524293.611086387,1237
2025/05/29-22:11:33.713781,1748524293.712532355,1249
2025/05/29-22:11:33.815307,1748524293.813993853,1313
2025/05/29-22:11:33.916939,1748524293.915517780,1421
2025/05/29-22:11:34.18448,1748524294.017157522,1290
2025/05/29-22:11:34.119917,1748524294.118640902,1276
2025/05/29-22:11:34.221484,1748524294.220130173,1354
2025/05/29-22:11:34.322876,1748524294.321712822,1163
2025/05/29-22:11:34.424450,1748524294.423104548,1345
2025/05/29-22:11:34.525940,1748524294.524636926,1303
2025/05/29-22:11:34.627430,1748524294.626154190,1276
2025/05/29-22:11:34.729032,1748524294.727640876,1391
2025/05/29-22:11:34.830629,1748524294.829261853,1367
2025/05/29-22:11:34.932088,1748524294.930851090,1237
2025/05/29-22:11:35.33634,1748524295.032293239,1341
2025/05/29-22:11:35.135135,1748524295.133824505,1311
2025/05/29-22:11:35.236669,1748524295.235338113,1331
2025/05/29-22:11:35.338230,1748524295.336866362,1364
2025/05/29-22:11:35.439862,1748524295.438436994,1425
2025/05/29-22:11:35.541640,1748524295.540093219,1547
2025/05/29-22:11:35.643211,1748524295.641828135,1383
2025/05/29-22:11:35.744738,1748524295.743430123,1308
2025/05/29-22:11:35.846166,1748524295.844949095,1217
2025/05/29-22:11:35.947639,1748524295.946381390,1258
2025/05/29-22:11:36.49015,1748524296.047821345,1194
2025/05/29-22:11:36.150523,1748524296.149199901,1323
2025/05/29-22:11:36.252008,1748524296.250760529,1247
2025/05/29-22:11:36.353672,1748524296.352215462,1457
2025/05/29-22:11:36.455380,1748524296.453889778,1491
2025/05/29-22:11:36.556984,1748524296.555588285,1396
2025/05/29-22:11:36.658521,1748524296.657188971,1332
2025/05/29-22:11:36.759950,1748524296.758728505,1222
2025/05/29-22:11:36.861428,1748524296.860147395,1281
2025/05/29-22:11:36.962873,1748524296.961639461,1233
2025/05/29-22:11:37.64484,1748524297.063098331,1386
2025/05/29-22:11:37.166130,1748524297.164678030,1452
2025/05/29-22:11:37.267698,1748524297.266334631,1363
2025/05/29-22:11:37.369247,1748524297.367882902,1364
2025/05/29-22:11:37.470664,1748524297.469446524,1218
2025/05/29-22:11:37.572030,1748524297.570841731,1188
2025/05/29-22:11:37.673557,1748524297.672232313,1325
2025/05/29-22:11:37.774999,1748524297.773770794,1228
2025/05/29-22:11:37.876461,1748524297.875200672,1261
2025/05/29-22:11:37.978151,1748524297.976661468,1489
2025/05/29-22:11:38.79761,1748524298.078367738,1393
2025/05/29-22:11:38.181387,1748524298.179969355,1418
2025/05/29-22:11:38.282889,1748524298.281603936,1285
2025/05/29-22:11:38.384317,1748524298.383080360,1237
2025/05/29-22:11:38.485873,1748524298.484501594,1371
2025/05/29-22:11:38.587390,1748524298.586087232,1303
2025/05/29-22:11:38.688732,1748524298.687595939,1136
2025/05/29-22:11:38.790218,1748524298.788949252,1268
2025/05/29-22:11:38.891637,1748524298.890419774,1217
2025/05/29-22:11:38.993041,1748524298.991846805,1195
2025/05/29-22:11:39.94459,1748524299.093241469,1217
2025/05/29-22:11:39.195839,1748524299.194639199,1199
2025/05/29-22:11:39.297341,1748524299.296059093,1282
2025/05/29-22:11:39.398776,1748524299.397593523,1183
2025/05/29-22:11:39.500104,1748524299.498986247,1118
2025/05/29-22:11:39.601543,1748524299.600320326,1223
2025/05/29-22:11:39.703039,1748524299.701754415,1285
2025/05/29-22:11:39.804614,1748524299.803270438,1344
2025/05/29-22:11:39.906152,1748524299.904837110,1315
2025/05/29-22:11:40.7725,1748524300.006371279,1354
2025/05/29-22:11:40.109081,1748524300.107930965,1150
2025/05/29-22:11:40.210489,1748524300.209299792,1190
2025/05/29-22:11:40.311827,1748524300.310684308,1143
2025/05/29-22:11:40.413144,1748524300.412043174,1100
2025/05/29-22:11:40.514594,1748524300.513365999,1228
2025/05/29-22:11:40.616008,1748524300.614794203,1214
2025/05/29-22:11:40.717624,1748524300.716215365,1409
2025/05/29-22:11:40.819061,1748524300.817804112,1257
2025/05/29-22:11:40.920584,1748524300.919276181,1308
2025/05/29-22:11:41.22110,1748524301.020795450,1314
2025/05/29-22:11:41.123688,1748524301.122305588,1382
2025/05/29-22:11:41.225112,1748524301.223911870,1200
2025/05/29-22:11:41.326582,1748524301.325302307,1280
2025/05/29-22:11:41.428040,1748524301.426789963,1250
2025/05/29-22:11:41.529513,1748524301.528255794,1257
2025/05/29-22:11:41.631152,1748524301.629728330,1423
2025/05/29-22:11:41.732622,1748524301.731348511,1273
2025/05/29-22:11:41.834025,1748524301.832823458,1202
2025/05/29-22:11:41.935435,1748524301.934208794,1227
2025/05/29-22:11:42.37009,1748524302.035635325,1374
2025/05/29-22:11:42.138337,1748524302.137192488,1144
2025/05/29-22:11:42.239806,1748524302.238549062,1257
2025/05/29-22:11:42.341218,1748524302.340018180,1199
2025/05/29-22:11:42.442830,1748524302.441437942,1392
2025/05/29-22:11:42.544354,1748524302.543060461,1294
2025/05/29-22:11:42.645781,1748524302.644558379,1223
2025/05/29-22:11:42.747210,1748524302.745974765,1236
2025/05/29-22:11:42.848535,1748524302.847430861,1104
2025/05/29-22:11:42.950241,1748524302.948737404,1503
2025/05/29-22:11:43.51703,1748524303.050455848,1247
2025/05/29-22:11:43.152994,1748524303.151908537,1086
2025/05/29-22:11:43.254507,1748524303.253189571,1318
2025/05/29-22:11:43.355840,1748524303.354708873,1132
2025/05/29-22:11:43.457374,1748524303.456053502,1321
2025/05/29-22:11:43.558737,1748524303.557571496,1166
2025/05/29-22:11:43.659995,1748524303.658920521,1075
2025/05/29-22:11:43.761320,1748524303.760203741,1116
2025/05/29-22:11:43.862956,1748524303.861523181,1433
2025/05/29-22:11:43.964419,1748524303.963161914,1257
2025/05/29-22:11:44.65799,1748524304.064613011,1186
2025/05/29-22:11:44.167063,1748524304.165988225,1074
2025/05/29-22:11:44.268644,1748524304.267287776,1356
2025/05/29-22:11:44.370107,1748524304.368860560,1247
2025/05/29-22:11:44.471548,1748524304.470304487,1243
2025/05/29-22:11:44.572987,1748524304.571734519,1252
2025/05/29-22:11:44.674624,1748524304.673212955,1411
2025/05/29-22:11:44.776114,1748524304.774838727,1275
2025/05/29-22:11:44.877465,1748524304.876302082,1163
2025/05/29-22:11:44.978849,1748524304.977674535,1174
2025/05/29-22:11:45.80255,1748524305.079023829,1231
2025/05/29-22:11:45.181859,1748524305.180469989,1389
2025/05/29-22:11:45.283362,1748524305.282043920,1318
2025/05/29-22:11:45.384909,1748524305.383552819,1356
2025/05/29-22:11:45.486624,1748524305.485114066,1510
2025/05/29-22:11:45.588181,1748524305.586819944,1361
2025/05/29-22:11:45.689771,1748524305.688396958,1375
2025/05/29-22:11:45.791100,1748524305.789967457,1132
2025/05/29-22:11:45.892522,1748524305.891265887,1256
2025/05/29-22:11:45.994155,1748524305.992730389,1424
2025/05/29-22:11:46.95572,1748524306.094356731,1215
2025/05/29-22:11:46.196954,1748524306.195807798,1146
2025/05/29-22:11:46.298446,1748524306.297171468,1275
2025/05/29-22:11:46.399981,1748524306.398663595,1318
2025/05/29-22:11:46.501525,1748524306.500179204,1346
2025/05/29-22:11:46.602907,1748524306.601718922,1188
2025/05/29-22:11:46.704468,1748524306.703128002,1340
2025/05/29-22:11:46.806023,1748524306.804667083,1356
2025/05/29-22:11:46.907573,1748524306.906242605,1330
2025/05/29-22:11:47.9090,1748524307.007779941,1310
2025/05/29-22:11:47.110474,1748524307.109272432,1201
2025/05/29-22:11:47.212042,1748524307.210669200,1373
2025/05/29-22:11:47.313598,1748524307.312232829,1365
2025/05/29-22:11:47.415159,1748524307.413802084,1356
2025/05/29-22:11:47.516710,1748524307.515374407,1336
2025/05/29-22:11:47.618318,1748524307.616927783,1390
2025/05/29-22:11:47.719897,1748524307.718525419,1372
2025/05/29-22:11:47.821515,1748524307.820113352,1402
2025/05/29-22:11:47.923045,1748524307.921722211,1323
2025/05/29-22:11:48.24526,1748524308.023240457,1285
2025/05/29-22:11:48.125984,1748524308.124713585,1270
2025/05/29-22:11:48.227526,1748524308.226193095,1333
2025/05/29-22:11:48.329053,1748524308.327739905,1313
2025/05/29-22:11:48.430804,1748524308.429270179,1534
2025/05/29-22:11:48.532450,1748524308.531039635,1410
2025/05/29-22:11:48.634016,1748524308.632666481,1349
2025/05/29-22:11:48.735609,1748524308.734214132,1395
2025/05/29-22:11:48.837171,1748524308.835813930,1357
2025/05/29-22:11:48.938814,1748524308.937393957,1420
2025/05/29-22:11:49.40481,1748524309.039036096,1444
2025/05/29-22:11:49.142046,1748524309.140689353,1357
2025/05/29-22:11:49.243676,1748524309.242263104,1413
2025/05/29-22:11:49.345155,1748524309.343877335,1277
2025/05/29-22:11:49.446562,1748524309.445364453,1197
2025/05/29-22:11:49.547956,1748524309.546751893,1204
2025/05/29-22:11:49.649472,1748524309.648175198,1297
2025/05/29-22:11:49.750999,1748524309.749700221,1299
2025/05/29-22:11:49.852617,1748524309.851192901,1424
2025/05/29-22:11:49.954177,1748524309.952797753,1379
2025/05/29-22:11:50.55568,1748524310.054377814,1190
2025/05/29-22:11:50.156969,1748524310.155749639,1219
2025/05/29-22:11:50.258628,1748524310.257167451,1460
2025/05/29-22:11:50.359966,1748524310.358820867,1145
2025/05/29-22:11:50.461380,1748524310.460164215,1216
2025/05/29-22:11:50.563018,1748524310.561585091,1433
2025/05/29-22:11:50.664488,1748524310.663222587,1265
2025/05/29-22:11:50.765993,1748524310.764700991,1292
2025/05/29-22:11:50.867569,1748524310.866210755,1358
