2025/05/29-22:29:24.682513,1748525364.682466695,47.23
2025/05/29-22:29:24.782661,1748525364.782608748,52.40
2025/05/29-22:29:24.882777,1748525364.882727357,50.35
2025/05/29-22:29:24.982898,1748525364.982846893,51.25
2025/05/29-22:29:25.083013,1748525365.082963495,50.47
2025/05/29-22:29:25.183125,1748525365.183076326,49.38
2025/05/29-22:29:25.283237,1748525365.283187333,50.47
2025/05/29-22:29:25.383348,1748525365.383299140,49.51
2025/05/29-22:29:25.483460,1748525365.483410755,50.20
2025/05/29-22:29:25.583572,1748525365.583522220,50.37
2025/05/29-22:29:25.683684,1748525365.683634273,49.92
2025/05/29-22:29:25.783796,1748525365.783745719,50.69
2025/05/29-22:29:25.883907,1748525365.883858121,49.71
2025/05/29-22:29:25.984026,1748525365.983974722,51.30
2025/05/29-22:29:26.084141,1748525366.084091441,50.41
2025/05/29-22:29:26.184257,1748525366.184204659,52.82
2025/05/29-22:29:26.284371,1748525366.284320052,51.03
2025/05/29-22:29:26.384488,1748525366.384436493,52.37
2025/05/29-22:29:26.484608,1748525366.484556330,51.86
2025/05/29-22:29:26.584722,1748525366.584671507,50.59
2025/05/29-22:29:26.684834,1748525366.684784618,49.59
2025/05/29-22:29:26.784946,1748525366.784896083,49.97
2025/05/29-22:29:26.885058,1748525366.885008011,50.53
2025/05/29-22:29:26.985174,1748525366.985123368,51.12
2025/05/29-22:29:27.085290,1748525367.085239736,50.42
2025/05/29-22:29:27.185402,1748525367.185352126,50.39
2025/05/29-22:29:27.285514,1748525367.285464275,50.18
2025/05/29-22:29:27.385626,1748525367.385576238,49.80
2025/05/29-22:29:27.485738,1748525367.485688128,50.14
2025/05/29-22:29:27.585849,1748525367.585799194,50.23
2025/05/29-22:29:27.685963,1748525367.685911006,52.12
2025/05/29-22:29:27.786075,1748525367.786025964,49.73
2025/05/29-22:29:27.886194,1748525367.886140688,54.06
2025/05/29-22:29:27.986316,1748525367.986265114,51.74
2025/05/29-22:29:28.086431,1748525368.086382082,49.44
2025/05/29-22:29:28.186543,1748525368.186493587,50.35
2025/05/29-22:29:28.286655,1748525368.286605864,49.98
2025/05/29-22:29:28.386767,1748525368.386717796,49.85
2025/05/29-22:29:28.486879,1748525368.486829253,50.18
2025/05/29-22:29:28.586990,1748525368.586940610,49.71
2025/05/29-22:29:28.687104,1748525368.687051077,53.08
2025/05/29-22:29:28.787215,1748525368.787165329,50.12
2025/05/29-22:29:28.887330,1748525368.887280164,50.34
2025/05/29-22:29:28.987445,1748525368.987394806,51.08
2025/05/29-22:29:29.087556,1748525369.087508012,48.67
2025/05/29-22:29:29.187668,1748525369.187618483,50.06
2025/05/29-22:29:29.287781,1748525369.287730282,51.48
2025/05/29-22:29:29.387859,1748525369.387806750,52.31
2025/05/29-22:29:29.487979,1748525369.487928412,51.53
2025/05/29-22:29:29.588095,1748525369.588044225,50.98
2025/05/29-22:29:29.688207,1748525369.688158228,49.72
2025/05/29-22:29:29.788319,1748525369.788270131,49.32
2025/05/29-22:29:29.888432,1748525369.888382099,50.08
2025/05/29-22:29:29.988568,1748525369.988495435,72.96
2025/05/29-22:29:30.088704,1748525370.088630581,74.19
2025/05/29-22:29:30.188840,1748525370.188767350,73.41
2025/05/29-22:29:30.288978,1748525370.288903379,75.02
2025/05/29-22:29:30.389119,1748525370.389040584,78.54
2025/05/29-22:29:30.489258,1748525370.489181713,76.95
2025/05/29-22:29:30.589395,1748525370.589320577,74.81
2025/05/29-22:29:30.689530,1748525370.689458034,72.73
2025/05/29-22:29:30.789669,1748525370.789593203,76.03
2025/05/29-22:29:30.889808,1748525370.889732245,76.03
2025/05/29-22:29:30.989946,1748525370.989870803,75.89
2025/05/29-22:29:31.090085,1748525371.090009454,76.10
2025/05/29-22:29:31.190223,1748525371.190147707,75.38
2025/05/29-22:29:31.290361,1748525371.290286523,75.09
2025/05/29-22:29:31.390499,1748525371.390424719,74.72
2025/05/29-22:29:31.490635,1748525371.490561108,74.46
2025/05/29-22:29:31.590774,1748525371.590697730,77.04
2025/05/29-22:29:31.690913,1748525371.690836595,76.87
2025/05/29-22:29:31.791064,1748525371.790976340,87.99
2025/05/29-22:29:31.891206,1748525371.891127113,79.18
2025/05/29-22:29:31.991343,1748525371.991268093,75.83
2025/05/29-22:29:32.091481,1748525372.091406173,75.26
2025/05/29-22:29:32.191617,1748525372.191544141,73.14
2025/05/29-22:29:32.291776,1748525372.291700076,76.61
2025/05/29-22:29:32.391917,1748525372.391840860,76.34
2025/05/29-22:29:32.492055,1748525372.491980143,75.23
2025/05/29-22:29:32.592191,1748525372.592118066,73.64
2025/05/29-22:29:32.692331,1748525372.692254522,76.55
2025/05/29-22:29:32.792477,1748525372.792395282,82.04
2025/05/29-22:29:32.892619,1748525372.892539681,80.08
2025/05/29-22:29:32.992768,1748525372.992681719,86.46
2025/05/29-22:29:33.092938,1748525373.092830421,107.59
2025/05/29-22:29:33.193099,1748525373.193001099,97.91
2025/05/29-22:29:33.293250,1748525373.293162317,88.65
2025/05/29-22:29:33.393396,1748525373.393313009,83.87
2025/05/29-22:29:33.493540,1748525373.493459813,80.91
2025/05/29-22:29:33.593685,1748525373.593603375,81.76
2025/05/29-22:29:33.693826,1748525373.693747739,79.16
2025/05/29-22:29:33.793967,1748525373.793889642,78.03
2025/05/29-22:29:33.894108,1748525373.894030263,78.00
2025/05/29-22:29:33.994250,1748525373.994171165,78.97
2025/05/29-22:29:34.094393,1748525374.094313640,80.05
2025/05/29-22:29:34.194539,1748525374.194455992,83.71
2025/05/29-22:29:34.294688,1748525374.294602208,86.11
2025/05/29-22:29:34.394830,1748525374.394750534,79.73
2025/05/29-22:29:34.494970,1748525374.494892698,77.73
2025/05/29-22:29:34.595116,1748525374.595032677,83.62
2025/05/29-22:29:34.695254,1748525374.695178456,75.99
2025/05/29-22:29:34.795398,1748525374.795322035,76.03
2025/05/29-22:29:34.895536,1748525374.895460548,76.14
2025/05/29-22:29:34.995678,1748525374.995598385,80.57
2025/05/29-22:29:35.095833,1748525375.095741483,92.04
2025/05/29-22:29:35.195976,1748525375.195896759,80.19
2025/05/29-22:29:35.296118,1748525375.296039439,79.47
2025/05/29-22:29:35.396261,1748525375.396181509,79.55
2025/05/29-22:29:35.496401,1748525375.496323785,77.73
2025/05/29-22:29:35.596543,1748525375.596464347,78.68
2025/05/29-22:29:35.696679,1748525375.696605340,74.17
2025/05/29-22:29:35.796818,1748525375.796742245,75.89
2025/05/29-22:29:35.896970,1748525375.896880247,89.82
2025/05/29-22:29:35.997108,1748525375.997032280,76.40
2025/05/29-22:29:36.097246,1748525376.097170258,76.23
2025/05/29-22:29:36.197384,1748525376.197308508,75.76
2025/05/29-22:29:36.297519,1748525376.297447460,72.41
2025/05/29-22:29:36.397657,1748525376.397582399,75.48
2025/05/29-22:29:36.497796,1748525376.497720710,75.84
2025/05/29-22:29:36.597935,1748525376.597858652,76.42
2025/05/29-22:29:36.698078,1748525376.697998830,79.63
2025/05/29-22:29:36.798221,1748525376.798143013,78.25
2025/05/29-22:29:36.898364,1748525376.898284424,80.27
2025/05/29-22:29:36.998505,1748525376.998427305,78.51
2025/05/29-22:29:37.098645,1748525377.098568614,76.98
2025/05/29-22:29:37.198786,1748525377.198708131,78.80
2025/05/29-22:29:37.298933,1748525377.298850007,83.33
2025/05/29-22:29:37.399077,1748525377.398996679,80.78
2025/05/29-22:29:37.499217,1748525377.499139786,77.88
2025/05/29-22:29:37.599358,1748525377.599280558,78.25
2025/05/29-22:29:37.699503,1748525377.699422083,81.56
2025/05/29-22:29:37.799646,1748525377.799566582,79.62
2025/05/29-22:29:37.899789,1748525377.899709095,80.73
2025/05/29-22:29:37.999933,1748525377.999855677,77.90
2025/05/29-22:29:38.100077,1748525378.099996336,81.05
2025/05/29-22:29:38.200222,1748525378.200140483,82.50
2025/05/29-22:29:38.300365,1748525378.300285842,79.99
2025/05/29-22:29:38.400505,1748525378.400428851,76.77
2025/05/29-22:29:38.500644,1748525378.500569011,75.59
2025/05/29-22:29:38.600782,1748525378.600707419,74.61
2025/05/29-22:29:38.700918,1748525378.700844411,73.73
2025/05/29-22:29:38.801057,1748525378.800980802,76.23
2025/05/29-22:29:38.901198,1748525378.901120620,78.25
2025/05/29-22:29:39.001336,1748525379.001261735,74.92
2025/05/29-22:29:39.101477,1748525379.101400210,76.89
2025/05/29-22:29:39.201616,1748525379.201540621,75.99
2025/05/29-22:29:39.301754,1748525379.301680532,73.99
2025/05/29-22:29:39.401891,1748525379.401817360,73.88
2025/05/29-22:29:39.502026,1748525379.501953839,72.61
2025/05/29-22:29:39.602163,1748525379.602088612,75.00
2025/05/29-22:29:39.702302,1748525379.702226568,75.96
2025/05/29-22:29:39.802442,1748525379.802365037,77.23
2025/05/29-22:29:39.902600,1748525379.902521639,78.65
2025/05/29-22:29:40.002740,1748525380.002663931,76.48
2025/05/29-22:29:40.102877,1748525380.102803505,73.61
2025/05/29-22:29:40.203017,1748525380.202939757,77.60
2025/05/29-22:29:40.303155,1748525380.303080150,75.12
2025/05/29-22:29:40.403293,1748525380.403217886,75.56
2025/05/29-22:29:40.503432,1748525380.503355883,76.76
2025/05/29-22:29:40.603569,1748525380.603495483,73.67
2025/05/29-22:29:40.703708,1748525380.703633081,75.37
2025/05/29-22:29:40.803844,1748525380.803772378,72.39
2025/05/29-22:29:40.903979,1748525380.903907357,72.34
2025/05/29-22:29:41.004108,1748525381.004041977,66.37
2025/05/29-22:29:41.104243,1748525381.104170996,72.81
2025/05/29-22:29:41.204386,1748525381.204309701,77.27
2025/05/29-22:29:41.304530,1748525381.304455506,74.88
2025/05/29-22:29:41.404674,1748525381.404597595,77.14
2025/05/29-22:29:41.504808,1748525381.504739602,69.34
2025/05/29-22:29:41.604940,1748525381.604873689,67.27
2025/05/29-22:29:41.705074,1748525381.705003860,70.48
2025/05/29-22:29:41.805205,1748525381.805137008,68.62
2025/05/29-22:29:41.905332,1748525381.905267989,64.11
2025/05/29-22:29:42.005464,1748525382.005394824,69.88
2025/05/29-22:29:42.105592,1748525382.105528012,64.95
2025/05/29-22:29:42.205718,1748525382.205655546,63.21
2025/05/29-22:29:42.305854,1748525382.305784423,69.70
2025/05/29-22:29:42.405986,1748525382.405921584,65.05
2025/05/29-22:29:42.506114,1748525382.506049586,64.60
2025/05/29-22:29:42.606241,1748525382.606177233,64.10
2025/05/29-22:29:42.706368,1748525382.706304829,63.64
2025/05/29-22:29:42.806495,1748525382.806432043,63.12
2025/05/29-22:29:42.906625,1748525382.906557444,67.60
2025/05/29-22:29:43.006755,1748525383.006687952,67.49
2025/05/29-22:29:43.106882,1748525383.106818838,64.12
2025/05/29-22:29:43.207016,1748525383.206946926,69.44
2025/05/29-22:29:43.307150,1748525383.307083445,67.07
2025/05/29-22:29:43.407277,1748525383.407216545,61.13
2025/05/29-22:29:43.507409,1748525383.507342096,67.32
2025/05/29-22:29:43.607535,1748525383.607472066,63.26
2025/05/29-22:29:43.707659,1748525383.707598039,61.93
2025/05/29-22:29:43.807781,1748525383.807722330,59.60
2025/05/29-22:29:43.907905,1748525383.907844899,60.87
2025/05/29-22:29:44.008030,1748525384.007968552,61.99
2025/05/29-22:29:44.108158,1748525384.108092947,65.32
2025/05/29-22:29:44.208288,1748525384.208221492,67.24
2025/05/29-22:29:44.308413,1748525384.308351772,61.23
2025/05/29-22:29:44.408537,1748525384.408475671,62.19
2025/05/29-22:29:44.508665,1748525384.508601647,63.61
2025/05/29-22:29:44.608795,1748525384.608727841,67.53
2025/05/29-22:29:44.708930,1748525384.708860498,69.88
2025/05/29-22:29:44.809064,1748525384.808999800,64.83
2025/05/29-22:29:44.909189,1748525384.909127936,61.75
2025/05/29-22:29:45.009314,1748525385.009252713,61.74
2025/05/29-22:29:45.109441,1748525385.109376839,64.55
2025/05/29-22:29:45.209564,1748525385.209504652,59.58
2025/05/29-22:29:45.309684,1748525385.309626277,58.54
2025/05/29-22:29:45.409805,1748525385.409747326,58.06
2025/05/29-22:29:45.509927,1748525385.509867609,60.10
2025/05/29-22:29:45.610048,1748525385.609990102,58.42
2025/05/29-22:29:45.710169,1748525385.710111387,57.68
2025/05/29-22:29:45.810297,1748525385.810230882,66.66
2025/05/29-22:29:45.910425,1748525385.910360394,65.44
2025/05/29-22:29:46.010551,1748525386.010488721,63.04
2025/05/29-22:29:46.110680,1748525386.110614778,65.54
2025/05/29-22:29:46.210803,1748525386.210743303,59.73
2025/05/29-22:29:46.310929,1748525386.310866314,63.17
2025/05/29-22:29:46.411059,1748525386.410991610,68.26
2025/05/29-22:29:46.511184,1748525386.511122424,61.95
2025/05/29-22:29:46.611313,1748525386.611246623,67.15
2025/05/29-22:29:46.711437,1748525386.711377497,60.16
2025/05/29-22:29:46.811560,1748525386.811500448,60.38
2025/05/29-22:29:46.911686,1748525386.911624328,62.05
2025/05/29-22:29:47.011810,1748525387.011749791,60.89
2025/05/29-22:29:47.111935,1748525387.111873787,62.07
2025/05/29-22:29:47.212062,1748525387.211998032,64.28
2025/05/29-22:29:47.312193,1748525387.312126276,67.69
2025/05/29-22:29:47.412321,1748525387.412257221,64.67
2025/05/29-22:29:47.512463,1748525387.512400742,63.12
2025/05/29-22:29:47.612588,1748525387.612527754,60.80
2025/05/29-22:29:47.712712,1748525387.712651688,60.65
2025/05/29-22:29:47.812839,1748525387.812776070,63.02
2025/05/29-22:29:47.912966,1748525387.912903931,63.04
2025/05/29-22:29:48.013099,1748525388.013030896,68.94
2025/05/29-22:29:48.113230,1748525388.113163535,66.77
2025/05/29-22:29:48.213360,1748525388.213293866,66.15
2025/05/29-22:29:48.313488,1748525388.313423603,65.25
2025/05/29-22:29:48.413615,1748525388.413551280,64.09
2025/05/29-22:29:48.513737,1748525388.513677947,59.75
2025/05/29-22:29:48.613860,1748525388.613800532,60.19
2025/05/29-22:29:48.713986,1748525388.713924360,62.13
2025/05/29-22:29:48.814115,1748525388.814050646,65.03
2025/05/29-22:29:48.914238,1748525388.914178173,59.90
2025/05/29-22:29:49.014362,1748525389.014301829,61.02
2025/05/29-22:29:49.114485,1748525389.114426833,58.25
2025/05/29-22:29:49.214607,1748525389.214548104,59.17
2025/05/29-22:29:49.314736,1748525389.314674033,62.47
2025/05/29-22:29:49.414863,1748525389.414802656,60.59
2025/05/29-22:29:49.514994,1748525389.514926919,67.82
2025/05/29-22:29:49.615127,1748525389.615057393,70.00
2025/05/29-22:29:49.715250,1748525389.715189909,60.34
2025/05/29-22:29:49.815377,1748525389.815312222,65.28
2025/05/29-22:29:49.915502,1748525389.915440117,62.55
2025/05/29-22:29:50.015630,1748525390.015565488,64.89
2025/05/29-22:29:50.115756,1748525390.115693524,63.09
2025/05/29-22:29:50.215880,1748525390.215818492,62.30
2025/05/29-22:29:50.316011,1748525390.315946298,65.32
2025/05/29-22:29:50.416139,1748525390.416077889,61.46
2025/05/29-22:29:50.516262,1748525390.516203424,59.25
2025/05/29-22:29:50.616386,1748525390.616326755,60.19
2025/05/29-22:29:50.716508,1748525390.716450159,58.37
2025/05/29-22:29:50.816635,1748525390.816571204,64.67
2025/05/29-22:29:50.916759,1748525390.916697714,62.28
2025/05/29-22:29:51.016883,1748525391.016822778,60.26
2025/05/29-22:29:51.117009,1748525391.116945923,63.39
2025/05/29-22:29:51.217135,1748525391.217071977,63.29
2025/05/29-22:29:51.317266,1748525391.317200893,65.38
2025/05/29-22:29:51.417394,1748525391.417331596,63.36
2025/05/29-22:29:51.517518,1748525391.517457926,60.34
2025/05/29-22:29:51.617645,1748525391.617581207,63.83
2025/05/29-22:29:51.717777,1748525391.717707476,70.27
2025/05/29-22:29:51.817907,1748525391.817841706,65.77
2025/05/29-22:29:51.918035,1748525391.917971384,63.66
2025/05/29-22:29:52.018158,1748525392.018097779,61.19
2025/05/29-22:29:52.118283,1748525392.118222506,60.88
2025/05/29-22:29:52.218410,1748525392.218346428,64.23
2025/05/29-22:29:52.318542,1748525392.318476711,65.96
2025/05/29-22:29:52.418668,1748525392.418608887,59.22
2025/05/29-22:29:52.518795,1748525392.518731687,63.56
2025/05/29-22:29:52.618920,1748525392.618858049,62.85
2025/05/29-22:29:52.719048,1748525392.718984269,64.51
2025/05/29-22:29:52.819178,1748525392.819113676,64.55
2025/05/29-22:29:52.919304,1748525392.919240474,63.92
2025/05/29-22:29:53.019430,1748525393.019366207,64.31
2025/05/29-22:29:53.119560,1748525393.119494115,66.40
2025/05/29-22:29:53.219688,1748525393.219622871,65.30
2025/05/29-22:29:53.319820,1748525393.319755005,65.12
2025/05/29-22:29:53.419949,1748525393.419886892,62.93
2025/05/29-22:29:53.520074,1748525393.520013013,61.81
2025/05/29-22:29:53.620201,1748525393.620138854,62.45
2025/05/29-22:29:53.720325,1748525393.720264876,60.45
2025/05/29-22:29:53.820454,1748525393.820387939,66.26
2025/05/29-22:29:53.920580,1748525393.920516844,63.83
2025/05/29-22:29:54.020706,1748525394.020643345,63.42
2025/05/29-22:29:54.120837,1748525394.120769549,68.33
2025/05/29-22:29:54.220969,1748525394.220900871,68.61
2025/05/29-22:29:54.321104,1748525394.321034965,69.25
2025/05/29-22:29:54.421240,1748525394.421170533,70.19
2025/05/29-22:29:54.521372,1748525394.521304477,68.02
2025/05/29-22:29:54.621502,1748525394.621435267,67.03
2025/05/29-22:29:54.721631,1748525394.721565393,65.70
2025/05/29-22:29:54.821769,1748525394.821699301,70.17
2025/05/29-22:29:54.921905,1748525394.921834177,71.15
2025/05/29-22:29:55.022040,1748525395.021968395,72.28
2025/05/29-22:29:55.122192,1748525395.122120996,71.56
2025/05/29-22:29:55.222328,1748525395.222256056,71.96
2025/05/29-22:29:55.322467,1748525395.322393724,73.55
2025/05/29-22:29:55.422603,1748525395.422533549,70.05
2025/05/29-22:29:55.522737,1748525395.522666848,70.28
2025/05/29-22:29:55.622868,1748525395.622800407,67.79
2025/05/29-22:29:55.723003,1748525395.722931271,72.48
2025/05/29-22:29:55.823141,1748525395.823066052,75.10
2025/05/29-22:29:55.923274,1748525395.923203806,70.75
2025/05/29-22:29:56.023411,1748525396.023337474,73.74
2025/05/29-22:29:56.123544,1748525396.123474102,70.82
2025/05/29-22:29:56.223680,1748525396.223607642,73.00
2025/05/29-22:29:56.323820,1748525396.323747152,73.47
2025/05/29-22:29:56.423960,1748525396.423887044,73.42
2025/05/29-22:29:56.524096,1748525396.524023710,73.13
2025/05/29-22:29:56.624233,1748525396.624161139,72.15
2025/05/29-22:29:56.724374,1748525396.724297360,77.10
2025/05/29-22:29:56.824510,1748525396.824438790,72.07
2025/05/29-22:29:56.924642,1748525396.924573242,69.70
2025/05/29-22:29:57.024775,1748525397.024704760,70.79
2025/05/29-22:29:57.124911,1748525397.124837362,73.86
2025/05/29-22:29:57.225047,1748525397.224973827,73.98
2025/05/29-22:29:57.325191,1748525397.325114339,77.18
2025/05/29-22:29:57.425330,1748525397.425257606,72.66
2025/05/29-22:29:57.525465,1748525397.525393553,71.86
2025/05/29-22:29:57.625597,1748525397.625528019,69.22
2025/05/29-22:29:57.725733,1748525397.725659839,73.99
2025/05/29-22:29:57.825870,1748525397.825797961,72.51
2025/05/29-22:29:57.926012,1748525397.925936385,76.52
2025/05/29-22:29:58.026153,1748525398.026077265,76.17
2025/05/29-22:29:58.126292,1748525398.126217728,74.95
2025/05/29-22:29:58.226431,1748525398.226355372,75.94
2025/05/29-22:29:58.326574,1748525398.326496935,77.45
2025/05/29-22:29:58.426907,1748525398.426640713,266.42
2025/05/29-22:29:58.527045,1748525398.526970667,74.49
2025/05/29-22:29:58.627181,1748525398.627108156,73.17
2025/05/29-22:29:58.727317,1748525398.727244042,73.42
2025/05/29-22:29:58.827454,1748525398.827380416,74.05
2025/05/29-22:29:58.927592,1748525398.927517115,75.32
2025/05/29-22:29:59.027730,1748525399.027654864,75.35
2025/05/29-22:29:59.127872,1748525399.127796397,76.18
2025/05/29-22:29:59.228012,1748525399.227935681,76.79
2025/05/29-22:29:59.328153,1748525399.328078261,75.42
2025/05/29-22:29:59.428293,1748525399.428220686,72.97
2025/05/29-22:29:59.528443,1748525399.528357131,85.92
2025/05/29-22:29:59.628582,1748525399.628506819,75.42
2025/05/29-22:29:59.728720,1748525399.728646186,74.72
2025/05/29-22:29:59.828856,1748525399.828783418,73.53
2025/05/29-22:29:59.928993,1748525399.928919875,73.43
2025/05/29-22:30:00.029130,1748525400.029056001,74.88
2025/05/29-22:30:00.129275,1748525400.129193387,81.66
2025/05/29-22:30:00.229420,1748525400.229339108,81.34
2025/05/29-22:30:00.329560,1748525400.329484374,76.22
2025/05/29-22:30:00.429697,1748525400.429622992,74.81
2025/05/29-22:30:00.529834,1748525400.529760130,74.43
2025/05/29-22:30:00.629974,1748525400.629897168,77.40
2025/05/29-22:30:00.730117,1748525400.730037822,79.23
2025/05/29-22:30:00.830257,1748525400.830181305,76.68
2025/05/29-22:30:00.930397,1748525400.930321202,76.09
2025/05/29-22:30:01.030528,1748525401.030459163,69.37
2025/05/29-22:30:01.130668,1748525401.130592332,76.18
2025/05/29-22:30:01.230809,1748525401.230731945,77.47
2025/05/29-22:30:01.330951,1748525401.330872964,78.07
2025/05/29-22:30:01.431093,1748525401.431013987,79.60
2025/05/29-22:30:01.531234,1748525401.531156210,77.82
2025/05/29-22:30:01.631374,1748525401.631297859,77.14
2025/05/29-22:30:01.731512,1748525401.731437204,75.04
2025/05/29-22:30:01.831653,1748525401.831575075,78.77
2025/05/29-22:30:01.931810,1748525401.931716767,94.08
2025/05/29-22:30:02.031963,1748525402.031882410,81.50
2025/05/29-22:30:02.132104,1748525402.132027480,76.61
2025/05/29-22:30:02.232243,1748525402.232167260,75.81
2025/05/29-22:30:02.332384,1748525402.332306435,78.09
2025/05/29-22:30:02.432524,1748525402.432448094,76.16
2025/05/29-22:30:02.532665,1748525402.532589429,75.92
2025/05/29-22:30:02.632807,1748525402.632732858,74.25
2025/05/29-22:30:02.732997,1748525402.732919992,77.28
2025/05/29-22:30:02.833142,1748525402.833060084,82.68
2025/05/29-22:30:02.933291,1748525402.933208873,82.85
2025/05/29-22:30:03.033434,1748525403.033356787,77.25
2025/05/29-22:30:03.133574,1748525403.133497592,76.79
2025/05/29-22:30:03.233720,1748525403.233635758,84.49
2025/05/29-22:30:03.333860,1748525403.333782860,77.23
2025/05/29-22:30:03.434000,1748525403.433921763,78.89
2025/05/29-22:30:03.534139,1748525403.534061565,78.42
2025/05/29-22:30:03.634276,1748525403.634201646,74.67
2025/05/29-22:30:03.734421,1748525403.734338023,83.47
2025/05/29-22:30:03.834563,1748525403.834483417,79.74
2025/05/29-22:30:03.934707,1748525403.934628820,78.18
2025/05/29-22:30:04.034851,1748525404.034773850,77.65
2025/05/29-22:30:04.135021,1748525404.134918658,103.19
2025/05/29-22:30:04.235164,1748525404.235085596,79.23
2025/05/29-22:30:04.335303,1748525404.335227535,76.23
2025/05/29-22:30:04.435450,1748525404.435365970,84.68
2025/05/29-22:30:04.535592,1748525404.535512471,79.62
2025/05/29-22:30:04.635745,1748525404.635653609,92.07
2025/05/29-22:30:04.735894,1748525404.735807508,86.93
2025/05/29-22:30:04.836039,1748525404.835960323,79.02
2025/05/29-22:30:04.936193,1748525404.936105803,87.78
2025/05/29-22:30:05.036335,1748525405.036258291,77.35
2025/05/29-22:30:05.136476,1748525405.136397618,78.66
2025/05/29-22:30:05.236613,1748525405.236537530,76.08
2025/05/29-22:30:05.336761,1748525405.336676780,84.81
2025/05/29-22:30:05.436909,1748525405.436823591,86.41
2025/05/29-22:30:05.537075,1748525405.536974173,101.22
2025/05/29-22:30:05.637236,1748525405.637143027,93.73
2025/05/29-22:30:05.737383,1748525405.737300152,83.63
2025/05/29-22:30:05.837527,1748525405.837445705,81.99
2025/05/29-22:30:05.937678,1748525405.937593405,84.99
2025/05/29-22:30:06.037825,1748525406.037743213,82.67
2025/05/29-22:30:06.137970,1748525406.137888573,82.36
2025/05/29-22:30:06.238129,1748525406.238033131,96.65
2025/05/29-22:30:06.338274,1748525406.338191277,82.92
2025/05/29-22:30:06.438412,1748525406.438336102,76.06
2025/05/29-22:30:06.538558,1748525406.538474196,84.36
2025/05/29-22:30:06.638699,1748525406.638620070,79.11
2025/05/29-22:30:06.738847,1748525406.738760823,86.27
2025/05/29-22:30:06.838997,1748525406.838909359,88.19
2025/05/29-22:30:06.939141,1748525406.939063258,78.27
2025/05/29-22:30:07.039294,1748525407.039211313,83.36
2025/05/29-22:30:07.139451,1748525407.139361149,90.61
2025/05/29-22:30:07.239591,1748525407.239515294,76.36
2025/05/29-22:30:07.339730,1748525407.339654261,76.46
2025/05/29-22:30:07.439877,1748525407.439796635,80.40
2025/05/29-22:30:07.540033,1748525407.539940067,93.54
2025/05/29-22:30:07.640173,1748525407.640096981,76.88
2025/05/29-22:30:07.740321,1748525407.740237957,83.43
2025/05/29-22:30:07.840463,1748525407.840384577,78.81
2025/05/29-22:30:07.940608,1748525407.940527331,81.45
2025/05/29-22:30:08.040752,1748525408.040672385,80.29
2025/05/29-22:30:08.140896,1748525408.140815214,81.50
2025/05/29-22:30:08.241055,1748525408.240959668,96.11
2025/05/29-22:30:08.341199,1748525408.341117831,81.61
2025/05/29-22:30:08.441374,1748525408.441262548,112.08
2025/05/29-22:30:08.541520,1748525408.541438161,82.53
2025/05/29-22:30:08.641667,1748525408.641584150,83.50
2025/05/29-22:30:08.741825,1748525408.741732841,92.31
2025/05/29-22:30:08.841987,1748525408.841890764,97.09
2025/05/29-22:30:08.942144,1748525408.942050579,93.65
2025/05/29-22:30:09.042286,1748525409.042206232,79.94
2025/05/29-22:30:09.142423,1748525409.142349412,74.21
2025/05/29-22:30:09.242569,1748525409.242486299,83.21
2025/05/29-22:30:09.342719,1748525409.342632334,86.72
2025/05/29-22:30:09.442865,1748525409.442781789,84.08
2025/05/29-22:30:09.543015,1748525409.542928375,86.73
2025/05/29-22:30:09.643160,1748525409.643077990,82.96
2025/05/29-22:30:09.743311,1748525409.743223869,87.19
2025/05/29-22:30:09.843467,1748525409.843373700,94.11
2025/05/29-22:30:09.943616,1748525409.943530869,85.21
2025/05/29-22:30:10.043771,1748525410.043678970,92.32
2025/05/29-22:30:10.143910,1748525410.143834444,76.06
2025/05/29-22:30:10.244064,1748525410.243974297,89.77
2025/05/29-22:30:10.344241,1748525410.344144011,97.13
2025/05/29-22:30:10.444389,1748525410.444304955,84.67
2025/05/29-22:30:10.544539,1748525410.544452284,86.92
2025/05/29-22:30:10.644698,1748525410.644601785,96.27
2025/05/29-22:30:10.744849,1748525410.744760822,88.93
2025/05/29-22:30:10.844987,1748525410.844912587,74.97
2025/05/29-22:30:10.945141,1748525410.945050459,90.77
2025/05/29-22:30:11.045292,1748525411.045203746,89.16
2025/05/29-22:30:11.145435,1748525411.145355560,80.06
2025/05/29-22:30:11.245588,1748525411.245498894,89.40
2025/05/29-22:30:11.345762,1748525411.345650639,111.92
2025/05/29-22:30:11.445912,1748525411.445826157,86.30
2025/05/29-22:30:11.546063,1748525411.545974551,89.12
2025/05/29-22:30:11.646215,1748525411.646126412,89.22
2025/05/29-22:30:11.746369,1748525411.746280226,89.56
2025/05/29-22:30:11.846529,1748525411.846433624,95.41
2025/05/29-22:30:11.946687,1748525411.946592061,95.80
2025/05/29-22:30:12.046834,1748525412.046751588,82.43
2025/05/29-22:30:12.146977,1748525412.146896637,80.42
2025/05/29-22:30:12.247142,1748525412.247040281,102.48
2025/05/29-22:30:12.347284,1748525412.347206096,77.90
2025/05/29-22:30:12.447444,1748525412.447347436,97.09
2025/05/29-22:30:12.547600,1748525412.547507649,93.00
2025/05/29-22:30:12.647754,1748525412.647664501,89.74
2025/05/29-22:30:12.747931,1748525412.747817974,113.91
2025/05/29-22:30:12.848082,1748525412.847996872,85.59
2025/05/29-22:30:12.948239,1748525412.948145698,93.80
2025/05/29-22:30:13.048409,1748525413.048303390,105.91
2025/05/29-22:30:13.148554,1748525413.148472458,82.00
2025/05/29-22:30:13.248708,1748525413.248617964,90.45
2025/05/29-22:30:13.348858,1748525413.348771441,87.02
2025/05/29-22:30:13.449013,1748525413.448920859,92.96
2025/05/29-22:30:13.549182,1748525413.549074778,108.06
2025/05/29-22:30:13.649352,1748525413.649246173,106.62
2025/05/29-22:30:13.749522,1748525413.749414991,107.63
2025/05/29-22:30:13.849681,1748525413.849585766,95.62
2025/05/29-22:30:13.949843,1748525413.949743545,99.69
2025/05/29-22:30:14.050008,1748525414.049905672,102.88
2025/05/29-22:30:14.150169,1748525414.150071243,98.74
2025/05/29-22:30:14.250322,1748525414.250232864,90.12
2025/05/29-22:30:14.350486,1748525414.350386235,99.94
2025/05/29-22:30:14.450652,1748525414.450549387,103.37
2025/05/29-22:30:14.550814,1748525414.550715168,99.61
2025/05/29-22:30:14.650985,1748525414.650877570,107.81
2025/05/29-22:30:14.751162,1748525414.751049002,113.55
2025/05/29-22:30:14.851328,1748525414.851230162,98.16
2025/05/29-22:30:14.951492,1748525414.951392177,100.31
2025/05/29-22:30:15.051647,1748525415.051555972,91.15
2025/05/29-22:30:15.151808,1748525415.151709674,98.51
2025/05/29-22:30:15.251982,1748525415.251870804,111.72
2025/05/29-22:30:15.352154,1748525415.352046316,108.19
2025/05/29-22:30:15.452315,1748525415.452217753,97.89
2025/05/29-22:30:15.552501,1748525415.552377174,124.34
2025/05/29-22:30:15.652679,1748525415.652564819,114.46
2025/05/29-22:30:15.752832,1748525415.752742457,90.00
2025/05/29-22:30:15.853013,1748525415.852895252,118.68
2025/05/29-22:30:15.953179,1748525415.953077162,102.56
2025/05/29-22:30:16.053359,1748525416.053242430,117.11
2025/05/29-22:30:16.153551,1748525416.153423101,128.44
2025/05/29-22:30:16.253710,1748525416.253615516,95.07
2025/05/29-22:30:16.353858,1748525416.353774208,83.92
2025/05/29-22:30:16.454031,1748525416.453920858,110.86
2025/05/29-22:30:16.554201,1748525416.554095917,105.59
2025/05/29-22:30:16.654384,1748525416.654264383,120.16
2025/05/29-22:30:16.754543,1748525416.754448801,94.97
2025/05/29-22:30:16.854722,1748525416.854609139,113.82
2025/05/29-22:30:16.954913,1748525416.954786813,126.31
2025/05/29-22:30:17.055079,1748525417.054976415,103.30
2025/05/29-22:30:17.155236,1748525417.155143843,92.41
2025/05/29-22:30:17.255390,1748525417.255300177,90.20
2025/05/29-22:30:17.355561,1748525417.355453292,108.61
2025/05/29-22:30:17.455725,1748525417.455625470,100.45
2025/05/29-22:30:17.555893,1748525417.555788784,104.77
2025/05/29-22:30:17.656083,1748525417.655956764,126.61
2025/05/29-22:30:17.756272,1748525417.756146841,125.19
2025/05/29-22:30:17.856470,1748525417.856349838,120.56
2025/05/29-22:30:17.956637,1748525417.956535481,101.84
2025/05/29-22:30:18.056820,1748525418.056700125,120.00
2025/05/29-22:30:18.156978,1748525418.156882283,95.89
2025/05/29-22:30:18.257163,1748525418.257040893,122.72
2025/05/29-22:30:18.357345,1748525418.357227338,117.87
2025/05/29-22:30:18.457526,1748525418.457407812,118.19
2025/05/29-22:30:18.557726,1748525418.557588969,137.07
2025/05/29-22:30:18.657931,1748525418.657788731,142.82
2025/05/29-22:30:18.758103,1748525418.757994831,108.85
2025/05/29-22:30:18.858264,1748525418.858165758,98.92
2025/05/29-22:30:18.958433,1748525418.958328036,105.67
2025/05/29-22:30:19.058608,1748525419.058496560,111.87
2025/05/29-22:30:19.158780,1748525419.158671418,109.28
2025/05/29-22:30:19.258940,1748525419.258843965,96.90
2025/05/29-22:30:19.359121,1748525419.359004124,117.23
2025/05/29-22:30:19.459312,1748525419.459184584,128.09
2025/05/29-22:30:19.559475,1748525419.559374415,101.27
2025/05/29-22:30:19.659681,1748525419.659538724,142.28
2025/05/29-22:30:19.759854,1748525419.759744886,109.28
2025/05/29-22:30:19.860025,1748525419.859918002,107.17
2025/05/29-22:30:19.960204,1748525419.960088140,116.16
2025/05/29-22:30:20.060358,1748525420.060267624,90.72
2025/05/29-22:30:20.160538,1748525420.160421730,116.61
2025/05/29-22:30:20.260728,1748525420.260601820,126.73
2025/05/29-22:30:20.360882,1748525420.360791608,91.05
2025/05/29-22:30:20.461050,1748525420.460946543,104.23
2025/05/29-22:30:20.561234,1748525420.561113897,120.13
2025/05/29-22:30:20.661418,1748525420.661297331,121.26
2025/05/29-22:30:20.761604,1748525420.761482984,121.08
2025/05/29-22:30:20.861777,1748525420.861668859,108.82
2025/05/29-22:30:20.961973,1748525420.961840454,132.76
2025/05/29-22:30:21.062155,1748525421.062036498,118.57
2025/05/29-22:30:21.162357,1748525421.162218245,139.29
2025/05/29-22:30:21.262514,1748525421.262421232,92.77
2025/05/29-22:30:21.362683,1748525421.362576389,107.34
2025/05/29-22:30:21.462866,1748525421.462747527,118.54
2025/05/29-22:30:21.563075,1748525421.562929105,146.71
2025/05/29-22:30:21.663255,1748525421.663137909,117.35
2025/05/29-22:30:21.763423,1748525421.763318879,104.45
2025/05/29-22:30:21.863611,1748525421.863486256,125.22
2025/05/29-22:30:21.963802,1748525421.963674791,127.86
2025/05/29-22:30:22.063995,1748525422.063865700,129.98
2025/05/29-22:30:22.164164,1748525422.164058145,106.65
2025/05/29-22:30:22.264336,1748525422.264226623,109.63
2025/05/29-22:30:22.364513,1748525422.364399770,113.94
2025/05/29-22:30:22.464688,1748525422.464576464,112.43
2025/05/29-22:30:22.564847,1748525422.564752111,95.20
2025/05/29-22:30:22.665010,1748525422.664910496,100.33
2025/05/29-22:30:22.765195,1748525422.765073687,121.82
2025/05/29-22:30:22.865372,1748525422.865258140,114.53
2025/05/29-22:30:22.965536,1748525422.965435205,101.35
2025/05/29-22:30:23.065720,1748525423.065599404,120.91
2025/05/29-22:30:23.165910,1748525423.165783189,127.34
2025/05/29-22:30:23.266115,1748525423.265973145,142.34
2025/05/29-22:30:23.366299,1748525423.366177523,122.10
2025/05/29-22:30:23.466516,1748525423.466363471,153.06
2025/05/29-22:30:23.566681,1748525423.566579352,102.38
2025/05/29-22:30:23.666858,1748525423.666744269,114.04
2025/05/29-22:30:23.767022,1748525423.766921659,100.40
2025/05/29-22:30:23.867210,1748525423.867085646,125.31
2025/05/29-22:30:23.967413,1748525423.967273214,140.28
2025/05/29-22:30:24.067612,1748525424.067476472,136.01
2025/05/29-22:30:24.167798,1748525424.167675067,123.69
2025/05/29-22:30:24.268008,1748525424.267869994,138.09
2025/05/29-22:30:24.368188,1748525424.368076657,112.13
2025/05/29-22:30:24.468375,1748525424.468252126,123.52
2025/05/29-22:30:24.568539,1748525424.568437586,102.32
2025/05/29-22:30:24.668730,1748525424.668602525,128.39
2025/05/29-22:30:24.768922,1748525424.768793432,129.11
2025/05/29-22:30:24.869115,1748525424.868989025,126.86
2025/05/29-22:30:24.969314,1748525424.969182462,131.57
2025/05/29-22:30:25.069499,1748525425.069378855,120.41
2025/05/29-22:30:25.169689,1748525425.169564655,124.66
2025/05/29-22:30:25.269882,1748525425.269773739,108.94
2025/05/29-22:30:25.370060,1748525425.369945921,114.43
2025/05/29-22:30:25.470249,1748525425.470123232,126.28
2025/05/29-22:30:25.570445,1748525425.570312249,133.55
2025/05/29-22:30:25.670649,1748525425.670507638,141.71
2025/05/29-22:30:25.770830,1748525425.770710957,119.47
2025/05/29-22:30:25.871022,1748525425.870892147,130.83
2025/05/29-22:30:25.971218,1748525425.971089345,129.58
2025/05/29-22:30:26.071396,1748525426.071283516,113.24
2025/05/29-22:30:26.171571,1748525426.171458838,112.72
2025/05/29-22:30:26.271742,1748525426.271632239,110.06
2025/05/29-22:30:26.371911,1748525426.371797741,113.55
2025/05/29-22:30:26.472090,1748525426.471974877,116.07
2025/05/29-22:30:26.572265,1748525426.572153942,111.16
2025/05/29-22:30:26.672456,1748525426.672330295,126.10
2025/05/29-22:30:26.772692,1748525426.772522930,169.44
2025/05/29-22:30:26.872886,1748525426.872755200,131.26
2025/05/29-22:30:26.973059,1748525426.972952954,106.91
2025/05/29-22:30:27.073252,1748525427.073124245,128.22
2025/05/29-22:30:27.173420,1748525427.173314163,106.17
2025/05/29-22:30:27.273629,1748525427.273482117,147.63
2025/05/29-22:30:27.373808,1748525427.373691467,116.99
2025/05/29-22:30:27.473994,1748525427.473870050,124.22
2025/05/29-22:30:27.574194,1748525427.574056697,137.69
2025/05/29-22:30:27.674390,1748525427.674255774,134.61
2025/05/29-22:30:27.774573,1748525427.774451959,121.30
2025/05/29-22:30:27.874764,1748525427.874634898,129.58
2025/05/29-22:30:27.974968,1748525427.974831551,136.70
2025/05/29-22:30:28.075153,1748525428.075033441,120.25
2025/05/29-22:30:28.175359,1748525428.175219273,139.93
2025/05/29-22:30:28.275551,1748525428.275425904,125.40
2025/05/29-22:30:28.375748,1748525428.375613334,135.27
2025/05/29-22:30:28.475939,1748525428.475810526,129.34
2025/05/29-22:30:28.576111,1748525428.576001359,110.39
2025/05/29-22:30:28.676322,1748525428.676173248,148.98
2025/05/29-22:30:28.776503,1748525428.776383852,119.36
2025/05/29-22:30:28.876687,1748525428.876565097,122.69
2025/05/29-22:30:28.976868,1748525428.976753965,114.69
2025/05/29-22:30:29.077041,1748525429.076933551,107.63
2025/05/29-22:30:29.177238,1748525429.177102880,135.31
2025/05/29-22:30:29.277429,1748525429.277299471,129.91
2025/05/29-22:30:29.377633,1748525429.377491290,141.97
2025/05/29-22:30:29.477829,1748525429.477694768,135.12
2025/05/29-22:30:29.578031,1748525429.577892283,138.84
2025/05/29-22:30:29.678229,1748525429.678097030,132.24
2025/05/29-22:30:29.778431,1748525429.778295927,135.45
2025/05/29-22:30:29.878628,1748525429.878493747,134.56
2025/05/29-22:30:29.978835,1748525429.978694282,141.69
2025/05/29-22:30:30.079038,1748525430.078900902,137.93
2025/05/29-22:30:30.179223,1748525430.179100732,123.11
2025/05/29-22:30:30.279408,1748525430.279285166,123.17
2025/05/29-22:30:30.379605,1748525430.379469601,135.97
2025/05/29-22:30:30.479807,1748525430.479667485,139.71
2025/05/29-22:30:30.579993,1748525430.579868549,125.31
2025/05/29-22:30:30.680196,1748525430.680055654,140.39
2025/05/29-22:30:30.780389,1748525430.780257624,131.92
2025/05/29-22:30:30.880572,1748525430.880451232,121.61
2025/05/29-22:30:30.980762,1748525430.980639847,122.56
2025/05/29-22:30:31.080953,1748525431.080827872,125.37
2025/05/29-22:30:31.181157,1748525431.181019281,138.42
2025/05/29-22:30:31.281352,1748525431.281223674,128.79
2025/05/29-22:30:31.381537,1748525431.381415238,122.18
2025/05/29-22:30:31.481732,1748525431.481599258,133.42
2025/05/29-22:30:31.581931,1748525431.581794676,136.35
2025/05/29-22:30:31.682114,1748525431.681992847,121.86
2025/05/29-22:30:31.782310,1748525431.782176743,133.34
2025/05/29-22:30:31.882494,1748525431.882371903,122.10
2025/05/29-22:30:31.982688,1748525431.982560476,128.10
2025/05/29-22:30:32.082877,1748525432.082753414,123.84
2025/05/29-22:30:32.183064,1748525432.182940441,123.99
2025/05/29-22:30:32.283231,1748525432.283126734,104.50
2025/05/29-22:30:32.383402,1748525432.383292542,110.12
2025/05/29-22:30:32.483594,1748525432.483465124,129.66
2025/05/29-22:30:32.583799,1748525432.583656724,143.16
2025/05/29-22:30:32.684009,1748525432.683865820,143.59
2025/05/29-22:30:32.784228,1748525432.784088225,140.74
2025/05/29-22:30:32.884417,1748525432.884292312,124.78
2025/05/29-22:30:32.984604,1748525432.984483360,121.16
2025/05/29-22:30:33.084793,1748525433.084669737,123.72
2025/05/29-22:30:33.184972,1748525433.184856119,116.24
2025/05/29-22:30:33.285153,1748525433.285033487,119.66
2025/05/29-22:30:33.385344,1748525433.385215260,129.55
2025/05/29-22:30:33.485536,1748525433.485407662,128.43
2025/05/29-22:30:33.585733,1748525433.585601599,132.10
2025/05/29-22:30:33.685921,1748525433.685799853,121.42
2025/05/29-22:30:33.786118,1748525433.785983718,134.57
2025/05/29-22:30:33.886304,1748525433.886179980,124.83
2025/05/29-22:30:33.986492,1748525433.986371273,121.05
2025/05/29-22:30:34.086669,1748525434.086557442,112.54
2025/05/29-22:30:34.186848,1748525434.186736104,112.01
2025/05/29-22:30:34.287055,1748525434.286913156,142.15
2025/05/29-22:30:34.387242,1748525434.387118625,123.88
2025/05/29-22:30:34.487433,1748525434.487305601,127.65
2025/05/29-22:30:34.587627,1748525434.587494984,132.90
2025/05/29-22:30:34.687810,1748525434.687689577,120.81
2025/05/29-22:30:34.788014,1748525434.787873362,141.23
2025/05/29-22:30:34.888221,1748525434.888081403,140.53
2025/05/29-22:30:34.988421,1748525434.988288944,132.80
2025/05/29-22:30:35.088606,1748525435.088486629,119.89
2025/05/29-22:30:35.188804,1748525435.188668362,136.62
2025/05/29-22:30:35.288983,1748525435.288866564,116.85
2025/05/29-22:30:35.389172,1748525435.389044275,128.11
2025/05/29-22:30:35.489361,1748525435.489233912,128.00
2025/05/29-22:30:35.589543,1748525435.589424512,119.30
2025/05/29-22:30:35.689736,1748525435.689608264,128.66
2025/05/29-22:30:35.789935,1748525435.789802852,133.13
2025/05/29-22:30:35.890117,1748525435.889998051,119.64
2025/05/29-22:30:35.990298,1748525435.990183797,115.09
2025/05/29-22:30:36.090508,1748525436.090363429,145.15
2025/05/29-22:30:36.190708,1748525436.190570772,137.66
2025/05/29-22:30:36.290899,1748525436.290770670,128.44
2025/05/29-22:30:36.391099,1748525436.390960815,138.56
2025/05/29-22:30:36.491287,1748525436.491160791,127.20
2025/05/29-22:30:36.591466,1748525436.591349327,116.74
2025/05/29-22:30:36.691670,1748525436.691527436,143.18
2025/05/29-22:30:36.791862,1748525436.791732137,129.99
2025/05/29-22:30:36.892048,1748525436.891924488,124.03
2025/05/29-22:30:36.992252,1748525436.992114245,138.21
2025/05/29-22:30:37.092453,1748525437.092317299,136.50
2025/05/29-22:30:37.192653,1748525437.192519331,133.73
2025/05/29-22:30:37.292849,1748525437.292718903,130.31
2025/05/29-22:30:37.393026,1748525437.392911711,114.90
2025/05/29-22:30:37.493211,1748525437.493088442,123.37
2025/05/29-22:30:37.593417,1748525437.593277588,140.03
2025/05/29-22:30:37.693616,1748525437.693484798,131.26
2025/05/29-22:30:37.793813,1748525437.793681713,131.61
2025/05/29-22:30:37.894015,1748525437.893881439,133.94
2025/05/29-22:30:37.994446,1748525437.994081223,365.03
2025/05/29-22:30:38.094651,1748525438.094508127,143.79
2025/05/29-22:30:38.194850,1748525438.194713729,136.85
2025/05/29-22:30:38.295047,1748525438.294911658,136.07
2025/05/29-22:30:38.395263,1748525438.395110074,152.98
2025/05/29-22:30:38.495444,1748525438.495325953,118.17
2025/05/29-22:30:38.595636,1748525438.595507375,128.96
2025/05/29-22:30:38.695826,1748525438.695701879,124.34
2025/05/29-22:30:38.796049,1748525438.795895409,154.56
2025/05/29-22:30:38.896255,1748525438.896117376,138.43
2025/05/29-22:30:38.996452,1748525438.996321291,130.91
2025/05/29-22:30:39.096661,1748525439.096514187,147.54
2025/05/29-22:30:39.196848,1748525439.196723274,124.94
2025/05/29-22:30:39.297048,1748525439.296909669,138.58
2025/05/29-22:30:39.397219,1748525439.397110724,108.38
2025/05/29-22:30:39.497409,1748525439.497280835,128.91
2025/05/29-22:30:39.597596,1748525439.597471905,124.99
2025/05/29-22:30:39.697792,1748525439.697659156,133.12
2025/05/29-22:30:39.797986,1748525439.797854095,132.32
2025/05/29-22:30:39.898185,1748525439.898051625,134.12
2025/05/29-22:30:39.998387,1748525439.998250995,136.44
2025/05/29-22:30:40.098592,1748525440.098449036,143.63
2025/05/29-22:30:40.198807,1748525440.198673207,134.08
2025/05/29-22:30:40.299006,1748525440.298874436,131.86
2025/05/29-22:30:40.399212,1748525440.399069631,142.56
2025/05/29-22:30:40.499400,1748525440.499274061,126.13
2025/05/29-22:30:40.599586,1748525440.599461606,124.40
2025/05/29-22:30:40.699770,1748525440.699647958,122.28
2025/05/29-22:30:40.799944,1748525440.799832172,112.57
2025/05/29-22:30:40.900138,1748525440.900010231,128.08
2025/05/29-22:30:41.000335,1748525441.000203370,131.86
2025/05/29-22:30:41.100528,1748525441.100397451,131.24
2025/05/29-22:30:41.200717,1748525441.200590483,126.91
2025/05/29-22:30:41.300886,1748525441.300778405,108.20
2025/05/29-22:30:41.401088,1748525441.400948804,140.18
2025/05/29-22:30:41.501277,1748525441.501150678,126.70
2025/05/29-22:30:41.601476,1748525441.601339819,137.10
2025/05/29-22:30:41.701667,1748525441.701541832,126.08
2025/05/29-22:30:41.801867,1748525441.801735090,132.56
2025/05/29-22:30:41.902073,1748525441.901934492,139.24
2025/05/29-22:30:42.002285,1748525442.002138993,146.11
2025/05/29-22:30:42.102484,1748525442.102347604,136.95
2025/05/29-22:30:42.202670,1748525442.202548841,121.70
2025/05/29-22:30:42.302871,1748525442.302732904,139.03
2025/05/29-22:30:42.403058,1748525442.402933989,124.80
2025/05/29-22:30:42.503252,1748525442.503121147,131.83
2025/05/29-22:30:42.603446,1748525442.603314381,132.16
2025/05/29-22:30:42.703629,1748525442.703508149,121.68
2025/05/29-22:30:42.803819,1748525442.803691300,128.36
2025/05/29-22:30:42.904018,1748525442.903884911,133.35
2025/05/29-22:30:43.004224,1748525443.004083590,141.02
2025/05/29-22:30:43.104418,1748525443.104286938,131.63
2025/05/29-22:30:43.204614,1748525443.204482883,131.32
2025/05/29-22:30:43.304798,1748525443.304681200,116.84
2025/05/29-22:30:43.404995,1748525443.404861619,134.07
2025/05/29-22:30:43.505220,1748525443.505057499,163.29
2025/05/29-22:30:43.605416,1748525443.605282090,134.03
2025/05/29-22:30:43.705625,1748525443.705478868,146.34
2025/05/29-22:30:43.805823,1748525443.805687285,136.56
2025/05/29-22:30:43.906019,1748525443.905889391,129.81
2025/05/29-22:30:44.006226,1748525444.006084563,142.38
2025/05/29-22:30:44.106425,1748525444.106289064,136.75
2025/05/29-22:30:44.206607,1748525444.206488946,118.49
2025/05/29-22:30:44.306785,1748525444.306669179,116.80
2025/05/29-22:30:44.406965,1748525444.406848168,116.85
2025/05/29-22:30:44.507153,1748525444.507027145,126.25
2025/05/29-22:30:44.607354,1748525444.607215629,138.97
2025/05/29-22:30:44.707549,1748525444.707419527,129.76
2025/05/29-22:30:44.807759,1748525444.807616445,142.69
2025/05/29-22:30:44.907962,1748525444.907828737,133.62
2025/05/29-22:30:45.008170,1748525445.008028015,141.99
2025/05/29-22:30:45.108353,1748525445.108232275,121.71
2025/05/29-22:30:45.208555,1748525445.208415908,139.55
2025/05/29-22:30:45.308738,1748525445.308617323,121.61
2025/05/29-22:30:45.408920,1748525445.408801326,118.99
2025/05/29-22:30:45.509108,1748525445.508981925,126.57
2025/05/29-22:30:45.609306,1748525445.609170416,136.46
2025/05/29-22:30:45.709503,1748525445.709369252,134.43
2025/05/29-22:30:45.809679,1748525445.809565360,114.36
2025/05/29-22:30:45.909871,1748525445.909744614,126.56
2025/05/29-22:30:46.010074,1748525446.009936361,137.85
2025/05/29-22:30:46.110271,1748525446.110136930,134.97
2025/05/29-22:30:46.210484,1748525446.210335984,148.82
2025/05/29-22:30:46.310684,1748525446.310550903,133.97
2025/05/29-22:30:46.410877,1748525446.410748413,129.33
2025/05/29-22:30:46.511060,1748525446.510940001,120.20
2025/05/29-22:30:46.611259,1748525446.611121836,138.08
2025/05/29-22:30:46.711468,1748525446.711322129,146.34
2025/05/29-22:30:46.811666,1748525446.811529966,136.22
2025/05/29-22:30:46.911863,1748525446.911731426,132.42
2025/05/29-22:30:47.012075,1748525447.011929191,146.11
2025/05/29-22:30:47.112259,1748525447.112137408,121.95
2025/05/29-22:30:47.212449,1748525447.212321459,127.81
2025/05/29-22:30:47.312634,1748525447.312510930,123.39
2025/05/29-22:30:47.412831,1748525447.412696346,135.26
2025/05/29-22:30:47.513039,1748525447.512893291,146.31
2025/05/29-22:30:47.613234,1748525447.613101465,132.57
2025/05/29-22:30:47.713441,1748525447.713313060,128.42
2025/05/29-22:30:47.813624,1748525447.813508810,115.41
2025/05/29-22:30:47.913833,1748525447.913691773,141.73
2025/05/29-22:30:48.014056,1748525448.013899131,157.22
2025/05/29-22:30:48.114254,1748525448.114119152,135.29
2025/05/29-22:30:48.214450,1748525448.214316706,133.82
2025/05/29-22:30:48.314643,1748525448.314512195,131.19
2025/05/29-22:30:48.414844,1748525448.414705769,138.87
2025/05/29-22:30:48.515027,1748525448.514906288,121.66
2025/05/29-22:30:48.615213,1748525448.615089298,124.32
2025/05/29-22:30:48.715403,1748525448.715275554,127.65
2025/05/29-22:30:48.815602,1748525448.815465240,137.70
2025/05/29-22:30:48.915801,1748525448.915667915,134.07
2025/05/29-22:30:49.015986,1748525449.015867006,119.10
2025/05/29-22:30:49.116196,1748525449.116048502,148.27
2025/05/29-22:30:49.216393,1748525449.216260493,133.36
2025/05/29-22:30:49.316604,1748525449.316460956,143.29
2025/05/29-22:30:49.416808,1748525449.416666943,141.23
2025/05/29-22:30:49.517020,1748525449.516869892,150.53
2025/05/29-22:30:49.617224,1748525449.617082019,142.66
2025/05/29-22:30:49.717427,1748525449.717286912,140.72
2025/05/29-22:30:49.817628,1748525449.817489185,139.80
2025/05/29-22:30:49.917810,1748525449.917694873,115.65
2025/05/29-22:30:50.018006,1748525450.017875793,131.03
2025/05/29-22:30:50.118199,1748525450.118068894,130.72
2025/05/29-22:30:50.218394,1748525450.218261634,133.19
2025/05/29-22:30:50.318609,1748525450.318456517,152.96
2025/05/29-22:30:50.418801,1748525450.418670792,130.28
2025/05/29-22:30:50.518992,1748525450.518863096,128.96
2025/05/29-22:30:50.619191,1748525450.619054250,137.38
2025/05/29-22:30:50.719377,1748525450.719256670,120.62
2025/05/29-22:30:50.819569,1748525450.819444357,124.94
2025/05/29-22:30:50.919774,1748525450.919635545,139.25
2025/05/29-22:30:51.019955,1748525451.019839872,115.36
2025/05/29-22:30:51.120148,1748525451.120017198,131.48
2025/05/29-22:30:51.220336,1748525451.220211530,124.92
2025/05/29-22:30:51.320511,1748525451.320398602,113.06
2025/05/29-22:30:51.420708,1748525451.420573813,134.47
2025/05/29-22:30:51.520883,1748525451.520769943,113.97
2025/05/29-22:30:51.621084,1748525451.620945694,138.47
2025/05/29-22:30:51.721267,1748525451.721146791,120.24
2025/05/29-22:30:51.821444,1748525451.821328692,115.88
2025/05/29-22:30:51.921635,1748525451.921509576,126.28
2025/05/29-22:30:52.021816,1748525452.021699967,117.00
2025/05/29-22:30:52.122003,1748525452.121878747,124.40
2025/05/29-22:30:52.222182,1748525452.222068072,114.08
2025/05/29-22:30:52.322363,1748525452.322249136,114.38
2025/05/29-22:30:52.422561,1748525452.422426896,134.35
2025/05/29-22:30:52.522745,1748525452.522623325,121.78
2025/05/29-22:30:52.622907,1748525452.622807594,99.84
2025/05/29-22:30:52.723077,1748525452.722969623,107.90
2025/05/29-22:30:52.823266,1748525452.823139294,127.42
2025/05/29-22:30:52.923444,1748525452.923332363,111.67
2025/05/29-22:30:53.023627,1748525453.023508922,118.78
2025/05/29-22:30:53.123816,1748525453.123690978,125.36
2025/05/29-22:30:53.224003,1748525453.223878579,124.63
2025/05/29-22:30:53.324205,1748525453.324064873,140.63
2025/05/29-22:30:53.424386,1748525453.424267861,118.97
2025/05/29-22:30:53.524558,1748525453.524449058,109.48
2025/05/29-22:30:53.624756,1748525453.624620114,136.56
2025/05/29-22:30:53.724971,1748525453.724821290,150.37
2025/05/29-22:30:53.825161,1748525453.825038826,122.34
2025/05/29-22:30:53.925352,1748525453.925228761,123.91
2025/05/29-22:30:54.025555,1748525454.025418187,137.26
2025/05/29-22:30:54.125733,1748525454.125617835,115.66
2025/05/29-22:30:54.225924,1748525454.225795594,129.09
2025/05/29-22:30:54.326100,1748525454.325986520,113.80
2025/05/29-22:30:54.426281,1748525454.426162450,119.09
2025/05/29-22:30:54.526476,1748525454.526343595,133.13
2025/05/29-22:30:54.626659,1748525454.626539185,120.71
2025/05/29-22:30:54.726854,1748525454.726721741,133.13
2025/05/29-22:30:54.827055,1748525454.826916729,138.66
2025/05/29-22:30:54.927253,1748525454.927124967,128.37
2025/05/29-22:30:55.027450,1748525455.027318475,132.10
2025/05/29-22:30:55.127647,1748525455.127529312,118.23
2025/05/29-22:30:55.227850,1748525455.227715451,134.64
2025/05/29-22:30:55.328050,1748525455.327919287,131.03
2025/05/29-22:30:55.428240,1748525455.428118767,121.74
2025/05/29-22:30:55.528447,1748525455.528306645,141.19
2025/05/29-22:30:55.628634,1748525455.628511037,123.39
2025/05/29-22:30:55.728839,1748525455.728697026,142.84
2025/05/29-22:30:55.829039,1748525455.828902476,136.89
2025/05/29-22:30:55.929243,1748525455.929101697,142.14
2025/05/29-22:30:56.029446,1748525456.029307050,139.82
2025/05/29-22:30:56.129630,1748525456.129509591,120.95
2025/05/29-22:30:56.229802,1748525456.229693877,108.82
2025/05/29-22:30:56.329985,1748525456.329865403,119.71
2025/05/29-22:30:56.430170,1748525456.430051427,118.92
2025/05/29-22:30:56.530373,1748525456.530236465,137.42
2025/05/29-22:30:56.630558,1748525456.630438573,120.01
2025/05/29-22:30:56.730733,1748525456.730621676,112.22
2025/05/29-22:30:56.830935,1748525456.830799434,135.65
2025/05/29-22:30:56.931123,1748525456.931000779,123.03
2025/05/29-22:30:57.031326,1748525457.031186608,139.53
2025/05/29-22:30:57.131525,1748525457.131389346,136.02
2025/05/29-22:30:57.231712,1748525457.231588239,123.85
2025/05/29-22:30:57.331901,1748525457.331775186,126.67
2025/05/29-22:30:57.432099,1748525457.431968196,130.83
2025/05/29-22:30:57.532299,1748525457.532165041,134.74
2025/05/29-22:30:57.632485,1748525457.632363263,121.95
2025/05/29-22:30:57.732686,1748525457.732547455,139.09
2025/05/29-22:30:57.832895,1748525457.832748870,146.63
2025/05/29-22:30:57.933092,1748525457.932958883,133.12
2025/05/29-22:30:58.033301,1748525458.033155902,145.17
2025/05/29-22:30:58.133507,1748525458.133365515,141.95
2025/05/29-22:30:58.233705,1748525458.233570297,135.41
2025/05/29-22:30:58.333912,1748525458.333768839,143.50
2025/05/29-22:30:58.434111,1748525458.433979580,132.23
2025/05/29-22:30:58.534306,1748525458.534177627,129.21
2025/05/29-22:30:58.634498,1748525458.634369128,129.34
2025/05/29-22:30:58.734686,1748525458.734561181,125.09
2025/05/29-22:30:58.834891,1748525458.834748134,143.22
2025/05/29-22:30:58.935073,1748525458.934953883,119.56
2025/05/29-22:30:59.035260,1748525459.035136132,124.45
2025/05/29-22:30:59.135455,1748525459.135322402,133.06
2025/05/29-22:30:59.235666,1748525459.235517690,148.84
2025/05/29-22:30:59.335859,1748525459.335728769,131.22
2025/05/29-22:30:59.436057,1748525459.435926071,131.05
2025/05/29-22:30:59.536250,1748525459.536124089,126.78
2025/05/29-22:30:59.636448,1748525459.636315698,132.44
2025/05/29-22:30:59.736653,1748525459.736510835,142.39
2025/05/29-22:30:59.836846,1748525459.836717433,128.96
2025/05/29-22:30:59.937060,1748525459.936910651,149.42
2025/05/29-22:31:00.037265,1748525460.037122896,142.37
2025/05/29-22:31:00.137457,1748525460.137327720,130.02
2025/05/29-22:31:00.237653,1748525460.237522217,131.17
2025/05/29-22:31:00.337857,1748525460.337716998,140.02
2025/05/29-22:31:00.438053,1748525460.437919283,134.37
2025/05/29-22:31:00.538253,1748525460.538116487,136.71
2025/05/29-22:31:00.638442,1748525460.638315946,126.59
2025/05/29-22:31:00.738632,1748525460.738504406,127.89
2025/05/29-22:31:00.838815,1748525460.838697139,117.90
2025/05/29-22:31:00.939008,1748525460.938880604,127.52
2025/05/29-22:31:01.039189,1748525461.039070461,118.55
2025/05/29-22:31:01.139381,1748525461.139252327,129.19
2025/05/29-22:31:01.239583,1748525461.239445024,138.60
2025/05/29-22:31:01.339782,1748525461.339647372,135.47
2025/05/29-22:31:01.439998,1748525461.439850800,147.59
2025/05/29-22:31:01.540188,1748525461.540064321,124.00
2025/05/29-22:31:01.640385,1748525461.640252179,133.72
2025/05/29-22:31:01.740582,1748525461.740449415,132.71
2025/05/29-22:31:01.840763,1748525461.840644837,118.45
2025/05/29-22:31:01.940967,1748525461.940825976,141.53
2025/05/29-22:31:02.041148,1748525462.041030292,118.68
2025/05/29-22:31:02.141344,1748525462.141210621,134.00
2025/05/29-22:31:02.241546,1748525462.241408087,138.63
2025/05/29-22:31:02.341739,1748525462.341608853,130.18
2025/05/29-22:31:02.441938,1748525462.441804754,133.69
2025/05/29-22:31:02.542132,1748525462.542007321,125.09
2025/05/29-22:31:02.642354,1748525462.642214644,140.22
2025/05/29-22:31:02.742539,1748525462.742419208,120.56
2025/05/29-22:31:02.842734,1748525462.842604380,130.09
2025/05/29-22:31:02.942901,1748525462.942798760,102.96
2025/05/29-22:31:03.043093,1748525463.042964576,128.58
2025/05/29-22:31:03.143283,1748525463.143155949,127.40
2025/05/29-22:31:03.243467,1748525463.243346058,121.75
2025/05/29-22:31:03.343664,1748525463.343530638,133.79
2025/05/29-22:31:03.443859,1748525463.443730894,128.59
2025/05/29-22:31:03.544059,1748525463.543925594,134.38
2025/05/29-22:31:03.644256,1748525463.644123628,133.28
2025/05/29-22:31:03.744444,1748525463.744319855,124.78
2025/05/29-22:31:03.844643,1748525463.844507904,135.26
2025/05/29-22:31:03.944833,1748525463.944706375,127.08
2025/05/29-22:31:04.045023,1748525464.044900306,123.17
2025/05/29-22:31:04.145241,1748525464.145090180,151.00
2025/05/29-22:31:04.245434,1748525464.245304727,129.84
2025/05/29-22:31:04.345631,1748525464.345498894,132.21
2025/05/29-22:31:04.445827,1748525464.445699284,128.30
2025/05/29-22:31:04.546024,1748525464.545893577,130.48
2025/05/29-22:31:04.646215,1748525464.646087819,128.01
2025/05/29-22:31:04.746407,1748525464.746278763,128.77
2025/05/29-22:31:04.846587,1748525464.846472485,115.35
2025/05/29-22:31:04.946757,1748525464.946657665,99.63
2025/05/29-22:31:05.046946,1748525465.046822385,124.16
2025/05/29-22:31:05.147144,1748525465.147009023,135.49
2025/05/29-22:31:05.247349,1748525465.247207260,141.74
2025/05/29-22:31:05.347556,1748525465.347411582,144.89
2025/05/29-22:31:05.447757,1748525465.447622134,135.58
2025/05/29-22:31:05.547956,1748525465.547826207,130.54
2025/05/29-22:31:05.648146,1748525465.648023505,123.06
2025/05/29-22:31:05.748344,1748525465.748210191,134.77
2025/05/29-22:31:05.848521,1748525465.848407946,113.42
2025/05/29-22:31:05.948715,1748525465.948584251,131.47
2025/05/29-22:31:06.048888,1748525466.048778651,109.46
2025/05/29-22:31:06.149088,1748525466.148951701,136.73
2025/05/29-22:31:06.249281,1748525466.249152153,129.14
2025/05/29-22:31:06.349472,1748525466.349343646,128.64
2025/05/29-22:31:06.449656,1748525466.449535878,120.77
2025/05/29-22:31:06.549837,1748525466.549719378,118.25
2025/05/29-22:31:06.650032,1748525466.649900639,131.98
2025/05/29-22:31:06.750223,1748525466.750095881,127.28
2025/05/29-22:31:06.850404,1748525466.850286617,118.16
2025/05/29-22:31:06.950604,1748525466.950467812,136.65
2025/05/29-22:31:07.050790,1748525467.050669490,121.05
2025/05/29-22:31:07.150975,1748525467.150857607,117.87
2025/05/29-22:31:07.251177,1748525467.251039292,138.47
2025/05/29-22:31:07.351358,1748525467.351240540,117.86
2025/05/29-22:31:07.451550,1748525467.451422464,128.46
2025/05/29-22:31:07.551740,1748525467.551612532,127.97
2025/05/29-22:31:07.651930,1748525467.651803528,126.75
2025/05/29-22:31:07.752107,1748525467.751993249,114.75
2025/05/29-22:31:07.852323,1748525467.852171076,152.24
2025/05/29-22:31:07.952529,1748525467.952386738,143.17
2025/05/29-22:31:08.052706,1748525468.052593213,113.18
2025/05/29-22:31:08.152920,1748525468.152769287,151.24
2025/05/29-22:31:08.253110,1748525468.252982419,127.74
2025/05/29-22:31:08.353306,1748525468.353173409,132.82
2025/05/29-22:31:08.453488,1748525468.453369229,119.09
2025/05/29-22:31:08.553666,1748525468.553554847,111.76
2025/05/29-22:31:08.653859,1748525468.653733187,125.85
2025/05/29-22:31:08.754055,1748525468.753922439,133.19
2025/05/29-22:31:08.854247,1748525468.854120700,127.02
2025/05/29-22:31:08.954417,1748525468.954311258,106.72
2025/05/29-22:31:09.054617,1748525469.054480509,137.12
2025/05/29-22:31:09.154808,1748525469.154680072,128.74
2025/05/29-22:31:09.255012,1748525469.254871095,141.57
2025/05/29-22:31:09.355192,1748525469.355075322,117.65
2025/05/29-22:31:09.455377,1748525469.455256561,121.32
2025/05/29-22:31:09.555572,1748525469.555440446,131.96
2025/05/29-22:31:09.655764,1748525469.655634838,129.50
2025/05/29-22:31:09.755952,1748525469.755827069,125.69
2025/05/29-22:31:09.856141,1748525469.856015593,125.52
2025/05/29-22:31:09.956332,1748525469.956204205,128.51
2025/05/29-22:31:10.056545,1748525470.056413713,131.82
2025/05/29-22:31:10.156753,1748525470.156612439,140.90
2025/05/29-22:31:10.256943,1748525470.256817396,126.45
2025/05/29-22:31:10.357139,1748525470.357006842,132.56
2025/05/29-22:31:10.457324,1748525470.457203214,120.81
2025/05/29-22:31:10.557521,1748525470.557387472,134.24
2025/05/29-22:31:10.657701,1748525470.657584377,117.25
2025/05/29-22:31:10.757899,1748525470.757764686,134.55
2025/05/29-22:31:10.858099,1748525470.857962075,137.29
2025/05/29-22:31:10.958296,1748525470.958162611,134.06
2025/05/29-22:31:11.058488,1748525471.058359589,129.06
2025/05/29-22:31:11.158676,1748525471.158551066,124.97
2025/05/29-22:31:11.258860,1748525471.258739218,121.43
2025/05/29-22:31:11.359044,1748525471.358923246,121.57
2025/05/29-22:31:11.459240,1748525471.459107930,132.75
2025/05/29-22:31:11.559429,1748525471.559306373,122.71
2025/05/29-22:31:11.659617,1748525471.659495943,121.69
2025/05/29-22:31:11.759823,1748525471.759680869,142.58
2025/05/29-22:31:11.859995,1748525471.859886755,108.28
2025/05/29-22:31:11.960196,1748525471.960058045,138.21
2025/05/29-22:31:12.060391,1748525472.060259666,132.12
2025/05/29-22:31:12.160583,1748525472.160455017,128.17
2025/05/29-22:31:12.260787,1748525472.260646200,141.76
2025/05/29-22:31:12.360972,1748525472.360850654,122.22
2025/05/29-22:31:12.461167,1748525472.461035463,132.42
2025/05/29-22:31:12.561360,1748525472.561230866,129.24
2025/05/29-22:31:12.661545,1748525472.661423537,121.57
2025/05/29-22:31:12.761735,1748525472.761608360,127.28
2025/05/29-22:31:12.861944,1748525472.861800368,143.93
2025/05/29-22:31:12.962117,1748525472.962007572,109.85
2025/05/29-22:31:13.062310,1748525473.062182801,128.09
2025/05/29-22:31:13.162521,1748525473.162378414,143.48
2025/05/29-22:31:13.262719,1748525473.262586101,133.53
2025/05/29-22:31:13.362924,1748525473.362783163,141.69
2025/05/29-22:31:13.463113,1748525473.462987916,125.93
2025/05/29-22:31:13.563307,1748525473.563175759,131.52
2025/05/29-22:31:13.663502,1748525473.663369709,132.65
2025/05/29-22:31:13.763704,1748525473.763565452,139.36
2025/05/29-22:31:13.863907,1748525473.863768140,139.41
2025/05/29-22:31:13.964126,1748525473.963970744,155.65
2025/05/29-22:31:14.064326,1748525474.064189884,136.12
2025/05/29-22:31:14.164515,1748525474.164388839,126.54
2025/05/29-22:31:14.264696,1748525474.264576434,120.54
2025/05/29-22:31:14.364888,1748525474.364759651,128.90
2025/05/29-22:31:14.465065,1748525474.464951385,113.75
2025/05/29-22:31:14.565260,1748525474.565130855,129.38
2025/05/29-22:31:14.665464,1748525474.665326990,137.66
2025/05/29-22:31:14.765663,1748525474.765527804,135.57
2025/05/29-22:31:14.865860,1748525474.865725907,134.31
2025/05/29-22:31:14.966067,1748525474.965928179,139.03
2025/05/29-22:31:15.066261,1748525475.066130743,130.71
2025/05/29-22:31:15.166452,1748525475.166323795,128.31
2025/05/29-22:31:15.266654,1748525475.266514933,139.52
2025/05/29-22:31:15.366850,1748525475.366716536,133.96
2025/05/29-22:31:15.467056,1748525475.466913851,142.89
2025/05/29-22:31:15.567257,1748525475.567118593,139.31
2025/05/29-22:31:15.667443,1748525475.667320011,123.89
2025/05/29-22:31:15.767653,1748525475.767507000,146.67
2025/05/29-22:31:15.867854,1748525475.867716962,137.21
2025/05/29-22:31:15.968056,1748525475.967916325,139.73
2025/05/29-22:31:16.068239,1748525476.068121742,118.22
2025/05/29-22:31:16.168445,1748525476.168306694,138.74
2025/05/29-22:31:16.268634,1748525476.268509097,125.63
2025/05/29-22:31:16.368822,1748525476.368697297,124.94
2025/05/29-22:31:16.469029,1748525476.468886903,142.24
2025/05/29-22:31:16.569218,1748525476.569093088,125.78
2025/05/29-22:31:16.669421,1748525476.669281464,140.16
2025/05/29-22:31:16.769606,1748525476.769484144,122.26
2025/05/29-22:31:16.869805,1748525476.869671442,134.00
2025/05/29-22:31:16.970007,1748525476.969868541,139.07
2025/05/29-22:31:17.070194,1748525477.070070689,123.78
2025/05/29-22:31:17.170374,1748525477.170257568,117.16
2025/05/29-22:31:17.270557,1748525477.270437468,119.84
2025/05/29-22:31:17.370741,1748525477.370619970,121.85
2025/05/29-22:31:17.470913,1748525477.470804285,109.67
2025/05/29-22:31:17.571114,1748525477.570996155,118.07
2025/05/29-22:31:17.671307,1748525477.671182270,125.09
2025/05/29-22:31:17.771501,1748525477.771371453,130.04
2025/05/29-22:31:17.871697,1748525477.871564309,133.50
2025/05/29-22:31:17.971908,1748525477.971761631,146.49
2025/05/29-22:31:18.072097,1748525478.071971066,126.32
2025/05/29-22:31:18.172289,1748525478.172160383,128.90
2025/05/29-22:31:18.272485,1748525478.272351482,134.20
2025/05/29-22:31:18.372649,1748525478.372548552,100.83
2025/05/29-22:31:18.472835,1748525478.472712740,123.16
2025/05/29-22:31:18.573032,1748525478.572898389,134.34
2025/05/29-22:31:18.673231,1748525478.673095386,136.33
2025/05/29-22:31:18.773427,1748525478.773295197,132.66
2025/05/29-22:31:18.873628,1748525478.873491031,137.19
2025/05/29-22:31:18.973811,1748525478.973691140,119.92
2025/05/29-22:31:19.074008,1748525479.073876597,132.35
2025/05/29-22:31:19.174207,1748525479.174076622,130.57
2025/05/29-22:31:19.274403,1748525479.274271512,132.17
2025/05/29-22:31:19.374581,1748525479.374466451,114.92
2025/05/29-22:31:19.474766,1748525479.474644785,121.33
2025/05/29-22:31:19.574954,1748525479.574828186,126.22
2025/05/29-22:31:19.675146,1748525479.675017808,128.37
2025/05/29-22:31:19.775335,1748525479.775209653,125.65
2025/05/29-22:31:19.875524,1748525479.875397826,126.85
2025/05/29-22:31:19.975706,1748525479.975587382,119.52
2025/05/29-22:31:20.075903,1748525480.075770440,133.39
2025/05/29-22:31:20.176105,1748525480.175967784,137.63
2025/05/29-22:31:20.276301,1748525480.276168413,132.69
2025/05/29-22:31:20.376496,1748525480.376364041,132.56
2025/05/29-22:31:20.476699,1748525480.476559388,140.44
2025/05/29-22:31:20.576900,1748525480.576765260,135.34
2025/05/29-22:31:20.677076,1748525480.676967275,108.77
2025/05/29-22:31:20.777284,1748525480.777141042,143.05
2025/05/29-22:31:20.877478,1748525480.877348994,129.38
2025/05/29-22:31:20.977690,1748525480.977542046,148.82
2025/05/29-22:31:21.077868,1748525481.077753414,115.16
2025/05/29-22:31:21.178064,1748525481.177931763,132.40
2025/05/29-22:31:21.278262,1748525481.278127550,134.52
2025/05/29-22:31:21.378456,1748525481.378324690,131.50
2025/05/29-22:31:21.478634,1748525481.478519282,115.49
2025/05/29-22:31:21.578825,1748525481.578697976,127.75
2025/05/29-22:31:21.679026,1748525481.678888398,137.87
2025/05/29-22:31:21.779208,1748525481.779089264,119.16
2025/05/29-22:31:21.879407,1748525481.879271044,136.79
2025/05/29-22:31:21.979594,1748525481.979470591,124.01
2025/05/29-22:31:22.079776,1748525482.079658917,117.85
2025/05/29-22:31:22.179972,1748525482.179844529,127.70
2025/05/29-22:31:22.280173,1748525482.280035909,137.50
2025/05/29-22:31:22.380359,1748525482.380236604,123.01
2025/05/29-22:31:22.480540,1748525482.480422710,118.26
2025/05/29-22:31:22.580700,1748525482.580603647,97.13
2025/05/29-22:31:22.680894,1748525482.680763379,131.30
2025/05/29-22:31:22.781084,1748525482.780956985,127.40
2025/05/29-22:31:22.881292,1748525482.881146836,145.73
2025/05/29-22:31:22.981497,1748525482.981355892,141.74
2025/05/29-22:31:23.081693,1748525483.081560601,132.72
2025/05/29-22:31:23.181870,1748525483.181756520,113.74
2025/05/29-22:31:23.282058,1748525483.281933160,125.05
2025/05/29-22:31:23.382237,1748525483.382120797,116.50
2025/05/29-22:31:23.482417,1748525483.482299786,117.33
2025/05/29-22:31:23.582609,1748525483.582481931,128.02
2025/05/29-22:31:23.682796,1748525483.682677870,118.66
2025/05/29-22:31:23.782985,1748525483.782859996,125.10
2025/05/29-22:31:23.883165,1748525483.883047432,117.77
2025/05/29-22:31:23.983354,1748525483.983227747,126.55
2025/05/29-22:31:24.083542,1748525484.083417274,125.56
2025/05/29-22:31:24.183722,1748525484.183605382,117.48
2025/05/29-22:31:24.283894,1748525484.283785271,109.55
2025/05/29-22:31:24.384086,1748525484.383957170,128.85
2025/05/29-22:31:24.484268,1748525484.484148868,119.43
2025/05/29-22:31:24.584451,1748525484.584331398,120.00
2025/05/29-22:31:24.684625,1748525484.684514281,111.45
2025/05/29-22:31:24.784821,1748525484.784688623,132.63
