2025/06/09-00:35:41.638882,1749396941.638303134,579
2025/06/09-00:35:41.649719,1749396941.649025521,693
2025/06/09-00:35:41.660483,1749396941.659850293,633
2025/06/09-00:35:41.671109,1749396941.670599742,509
2025/06/09-00:35:41.681787,1749396941.681219176,568
2025/06/09-00:35:41.692450,1749396941.691912305,538
2025/06/09-00:35:41.703090,1749396941.702571276,519
2025/06/09-00:35:41.713642,1749396941.713194774,448
2025/06/09-00:35:41.724258,1749396941.723752503,506
2025/06/09-00:35:41.734850,1749396941.734387090,463
2025/06/09-00:35:41.751866,1749396941.744970069,6896
2025/06/09-00:35:41.762381,1749396941.761988113,393
2025/06/09-00:35:41.774194,1749396941.772489947,1704
2025/06/09-00:35:41.784933,1749396941.784298794,634
2025/06/09-00:35:41.795510,1749396941.795053299,457
2025/06/09-00:35:41.806020,1749396941.805627730,393
2025/06/09-00:35:41.816593,1749396941.816133431,459
2025/06/09-00:35:41.827070,1749396941.826694221,376
2025/06/09-00:35:41.837599,1749396941.837170286,429
2025/06/09-00:35:41.848720,1749396941.847709421,1011
2025/06/09-00:35:41.859404,1749396941.858829726,574
2025/06/09-00:35:41.869992,1749396941.869516375,475
2025/06/09-00:35:41.880637,1749396941.880107619,529
2025/06/09-00:35:41.891161,1749396941.890754160,407
2025/06/09-00:35:41.901776,1749396941.901270509,505
2025/06/09-00:35:41.912527,1749396941.911841243,686
2025/06/09-00:35:41.923130,1749396941.922640385,489
2025/06/09-00:35:41.933638,1749396941.933236863,401
2025/06/09-00:35:41.944423,1749396941.943746736,677
2025/06/09-00:35:41.955199,1749396941.954525187,673
2025/06/09-00:35:41.965842,1749396941.965301136,540
2025/06/09-00:35:41.976416,1749396941.975948609,467
2025/06/09-00:35:41.987017,1749396941.986521661,496
2025/06/09-00:35:41.997540,1749396941.997129768,410
2025/06/09-00:35:42.8162,1749396942.007647536,514
2025/06/09-00:35:42.18755,1749396942.018277452,477
2025/06/09-00:35:42.29300,1749396942.028872596,428
2025/06/09-00:35:42.39884,1749396942.039415532,468
2025/06/09-00:35:42.50389,1749396942.049994846,395
2025/06/09-00:35:42.60880,1749396942.060488709,391
2025/06/09-00:35:42.71396,1749396942.070991088,405
2025/06/09-00:35:42.81905,1749396942.081502394,403
2025/06/09-00:35:42.92470,1749396942.092019887,450
2025/06/09-00:35:42.102976,1749396942.102579029,396
2025/06/09-00:35:42.113685,1749396942.113085815,599
2025/06/09-00:35:42.124258,1749396942.123806945,451
2025/06/09-00:35:42.134758,1749396942.134366723,391
2025/06/09-00:35:42.145356,1749396942.144864183,492
2025/06/09-00:35:42.155934,1749396942.155467052,467
2025/06/09-00:35:42.166519,1749396942.166041328,478
2025/06/09-00:35:42.177523,1749396942.176629071,894
2025/06/09-00:35:42.188058,1749396942.187629776,428
2025/06/09-00:35:42.198838,1749396942.198162976,675
2025/06/09-00:35:42.209502,1749396942.208964582,538
2025/06/09-00:35:42.220414,1749396942.219615173,799
2025/06/09-00:35:42.230936,1749396942.230515282,420
2025/06/09-00:35:42.241449,1749396942.241042593,406
2025/06/09-00:35:42.252119,1749396942.251554619,564
2025/06/09-00:35:42.262652,1749396942.262221409,431
2025/06/09-00:35:42.273199,1749396942.272772604,426
2025/06/09-00:35:42.283736,1749396942.283307094,429
2025/06/09-00:35:42.294259,1749396942.293845336,413
2025/06/09-00:35:42.304819,1749396942.304367976,451
2025/06/09-00:35:42.315698,1749396942.314926627,771
2025/06/09-00:35:42.326420,1749396942.325814831,605
2025/06/09-00:35:42.336983,1749396942.336534363,449
2025/06/09-00:35:42.347516,1749396942.347097433,419
2025/06/09-00:35:42.358044,1749396942.357622226,421
2025/06/09-00:35:42.368578,1749396942.368150797,427
2025/06/09-00:35:42.379233,1749396942.378686430,547
2025/06/09-00:35:42.389755,1749396942.389342343,413
2025/06/09-00:35:42.400459,1749396942.399829805,629
2025/06/09-00:35:42.412198,1749396942.410569535,1629
2025/06/09-00:35:42.422761,1749396942.422308296,453
2025/06/09-00:35:42.433261,1749396942.432862575,398
2025/06/09-00:35:42.444286,1749396942.443367332,919
2025/06/09-00:35:42.454811,1749396942.454395618,416
2025/06/09-00:35:42.465346,1749396942.464912536,434
2025/06/09-00:35:42.475895,1749396942.475457041,438
2025/06/09-00:35:42.486514,1749396942.486017868,496
2025/06/09-00:35:42.497178,1749396942.496630720,547
2025/06/09-00:35:42.507712,1749396942.507283851,428
2025/06/09-00:35:42.518235,1749396942.517821035,414
2025/06/09-00:35:42.529189,1749396942.528349725,839
2025/06/09-00:35:42.539718,1749396942.539295736,423
2025/06/09-00:35:42.550255,1749396942.549825283,430
2025/06/09-00:35:42.560802,1749396942.560362477,439
2025/06/09-00:35:42.571568,1749396942.570909062,659
2025/06/09-00:35:42.582111,1749396942.581669897,441
2025/06/09-00:35:42.592731,1749396942.592219157,512
2025/06/09-00:35:42.603274,1749396942.602840440,433
2025/06/09-00:35:42.613834,1749396942.613380711,453
2025/06/09-00:35:42.624438,1749396942.623937238,501
2025/06/09-00:35:42.635022,1749396942.634545185,476
2025/06/09-00:35:42.645631,1749396942.645132233,499
2025/06/09-00:35:42.656827,1749396942.655736729,1090
2025/06/09-00:35:42.667364,1749396942.666935820,428
2025/06/09-00:35:42.677892,1749396942.677471938,420
2025/06/09-00:35:42.688417,1749396942.687997753,420
2025/06/09-00:35:42.698960,1749396942.698531497,428
2025/06/09-00:35:42.709448,1749396942.709068734,379
2025/06/09-00:35:42.719950,1749396942.719559010,391
2025/06/09-00:35:42.730505,1749396942.730060462,444
2025/06/09-00:35:42.744743,1749396942.740613111,4130
2025/06/09-00:35:42.756247,1749396942.754853216,1394
2025/06/09-00:35:42.767320,1749396942.766354160,966
2025/06/09-00:35:42.777899,1749396942.777434845,464
2025/06/09-00:35:42.788472,1749396942.788029314,443
2025/06/09-00:35:42.798974,1749396942.798579511,394
2025/06/09-00:35:42.810084,1749396942.809075025,1009
2025/06/09-00:35:42.820616,1749396942.820194899,421
2025/06/09-00:35:42.831104,1749396942.830723511,380
2025/06/09-00:35:42.841583,1749396942.841207865,375
2025/06/09-00:35:42.852092,1749396942.851689434,403
2025/06/09-00:35:42.863180,1749396942.862201569,979
2025/06/09-00:35:42.873689,1749396942.873287326,401
2025/06/09-00:35:42.884197,1749396942.883799961,397
2025/06/09-00:35:42.894688,1749396942.894303654,385
2025/06/09-00:35:42.905285,1749396942.904814119,471
2025/06/09-00:35:42.915840,1749396942.915385928,454
2025/06/09-00:35:42.926436,1749396942.925946786,490
2025/06/09-00:35:42.936958,1749396942.936541819,416
2025/06/09-00:35:42.947462,1749396942.947067127,395
2025/06/09-00:35:42.958160,1749396942.957568827,591
2025/06/09-00:35:42.968777,1749396942.968266208,511
2025/06/09-00:35:42.979266,1749396942.978883643,382
2025/06/09-00:35:42.989757,1749396942.989367301,389
2025/06/09-00:35:43.262,1749396942.999839852,424
2025/06/09-00:35:43.10758,1749396943.010372457,386
2025/06/09-00:35:43.21293,1749396943.020864820,428
2025/06/09-00:35:43.31857,1749396943.031404510,452
2025/06/09-00:35:43.42361,1749396943.041966835,394
2025/06/09-00:35:43.53310,1749396943.052461058,849
2025/06/09-00:35:43.63802,1749396943.063419742,382
2025/06/09-00:35:43.74349,1749396943.073912337,437
2025/06/09-00:35:43.84964,1749396943.084457060,507
2025/06/09-00:35:43.95468,1749396943.095072433,396
2025/06/09-00:35:43.106036,1749396943.105577149,459
2025/06/09-00:35:43.116598,1749396943.116150582,447
2025/06/09-00:35:43.127099,1749396943.126705344,393
2025/06/09-00:35:43.137707,1749396943.137208959,498
2025/06/09-00:35:43.148228,1749396943.147816568,411
2025/06/09-00:35:43.158742,1749396943.158347598,394
2025/06/09-00:35:43.169554,1749396943.168856752,697
2025/06/09-00:35:43.180045,1749396943.179660915,384
2025/06/09-00:35:43.190757,1749396943.190150742,606
2025/06/09-00:35:43.201398,1749396943.200858424,539
2025/06/09-00:35:43.211912,1749396943.211500136,412
2025/06/09-00:35:43.222406,1749396943.222016034,390
2025/06/09-00:35:43.233011,1749396943.232508243,503
2025/06/09-00:35:43.243525,1749396943.243120899,404
2025/06/09-00:35:43.254224,1749396943.253625854,598
2025/06/09-00:35:43.264902,1749396943.264327305,574
2025/06/09-00:35:43.275474,1749396943.275007933,466
2025/06/09-00:35:43.285998,1749396943.285580086,418
2025/06/09-00:35:43.296562,1749396943.296126402,436
2025/06/09-00:35:43.307060,1749396943.306678123,381
2025/06/09-00:35:43.317727,1749396943.317167975,559
2025/06/09-00:35:43.328258,1749396943.327838496,419
2025/06/09-00:35:43.338749,1749396943.338363535,386
2025/06/09-00:35:43.349259,1749396943.348858826,400
2025/06/09-00:35:43.360414,1749396943.359365208,1049
2025/06/09-00:35:43.371012,1749396943.370523240,489
2025/06/09-00:35:43.381544,1749396943.381118598,426
2025/06/09-00:35:43.392681,1749396943.391652177,1028
2025/06/09-00:35:43.403198,1749396943.402787833,410
2025/06/09-00:35:43.413692,1749396943.413299783,392
2025/06/09-00:35:43.424904,1749396943.423796058,1108
2025/06/09-00:35:43.435929,1749396943.435014172,915
2025/06/09-00:35:43.446439,1749396943.446032523,406
2025/06/09-00:35:43.456944,1749396943.456547154,397
2025/06/09-00:35:43.467527,1749396943.467051951,475
2025/06/09-00:35:43.478048,1749396943.477628224,419
2025/06/09-00:35:43.488645,1749396943.488155174,490
2025/06/09-00:35:43.499249,1749396943.498750429,499
2025/06/09-00:35:43.509745,1749396943.509355190,390
2025/06/09-00:35:43.520950,1749396943.519835429,1114
2025/06/09-00:35:43.531508,1749396943.531058322,449
2025/06/09-00:35:43.542001,1749396943.541616290,385
2025/06/09-00:35:43.552651,1749396943.552107470,543
2025/06/09-00:35:43.563145,1749396943.562755855,389
2025/06/09-00:35:43.573665,1749396943.573255520,409
2025/06/09-00:35:43.584284,1749396943.583774591,510
2025/06/09-00:35:43.594977,1749396943.594394347,583
2025/06/09-00:35:43.605477,1749396943.605088047,389
2025/06/09-00:35:43.616052,1749396943.615578142,474
2025/06/09-00:35:43.627286,1749396943.626166381,1119
2025/06/09-00:35:43.637782,1749396943.637392961,390
2025/06/09-00:35:43.648281,1749396943.647884885,396
2025/06/09-00:35:43.658836,1749396943.658383013,453
2025/06/09-00:35:43.669352,1749396943.668939308,413
2025/06/09-00:35:43.680425,1749396943.679458039,967
2025/06/09-00:35:43.690934,1749396943.690534571,399
2025/06/09-00:35:43.701452,1749396943.701040784,411
2025/06/09-00:35:43.712152,1749396943.711563878,588
2025/06/09-00:35:43.722705,1749396943.722264942,440
2025/06/09-00:35:43.739784,1749396943.732813492,6971
2025/06/09-00:35:43.750631,1749396943.749896523,734
2025/06/09-00:35:43.766197,1749396943.760733178,5463
2025/06/09-00:35:43.776868,1749396943.776305671,562
2025/06/09-00:35:43.787392,1749396943.786974129,418
2025/06/09-00:35:43.797955,1749396943.797503493,451
2025/06/09-00:35:43.808485,1749396943.808064412,421
2025/06/09-00:35:43.819009,1749396943.818591871,417
2025/06/09-00:35:43.829545,1749396943.829116529,429
2025/06/09-00:35:43.840271,1749396943.839652900,618
2025/06/09-00:35:43.850994,1749396943.850383533,610
2025/06/09-00:35:43.861493,1749396943.861102339,391
2025/06/09-00:35:43.872200,1749396943.871601966,598
2025/06/09-00:35:43.882705,1749396943.882306588,399
2025/06/09-00:35:43.893342,1749396943.892813099,529
2025/06/09-00:35:43.903840,1749396943.903448549,391
2025/06/09-00:35:43.914814,1749396943.913949323,864
2025/06/09-00:35:43.925326,1749396943.924920084,406
2025/06/09-00:35:43.935818,1749396943.935433421,385
2025/06/09-00:35:43.946446,1749396943.945918602,528
2025/06/09-00:35:43.957006,1749396943.956554410,452
2025/06/09-00:35:43.967567,1749396943.967113044,454
2025/06/09-00:35:43.978086,1749396943.977676109,410
2025/06/09-00:35:43.988615,1749396943.988192539,423
2025/06/09-00:35:43.999561,1749396943.998721086,840
2025/06/09-00:35:44.10042,1749396944.009663183,379
2025/06/09-00:35:44.20708,1749396944.020144445,564
2025/06/09-00:35:44.31247,1749396944.030820079,427
2025/06/09-00:35:44.41794,1749396944.041356258,437
2025/06/09-00:35:44.52282,1749396944.051902856,380
2025/06/09-00:35:44.62863,1749396944.062393860,470
2025/06/09-00:35:44.73366,1749396944.072970238,396
2025/06/09-00:35:44.83893,1749396944.083474965,418
2025/06/09-00:35:44.94452,1749396944.094031771,421
2025/06/09-00:35:44.105175,1749396944.104559158,616
2025/06/09-00:35:44.116181,1749396944.115280329,900
2025/06/09-00:35:44.126680,1749396944.126285839,395
2025/06/09-00:35:44.137197,1749396944.136792562,405
2025/06/09-00:35:44.148041,1749396944.147304691,737
2025/06/09-00:35:44.158572,1749396944.158149037,423
2025/06/09-00:35:44.169072,1749396944.168676885,396
2025/06/09-00:35:44.179590,1749396944.179192616,398
2025/06/09-00:35:44.190084,1749396944.189697864,386
2025/06/09-00:35:44.200617,1749396944.200192901,424
2025/06/09-00:35:44.211107,1749396944.210726337,381
2025/06/09-00:35:44.221660,1749396944.221213756,447
2025/06/09-00:35:44.232154,1749396944.231768683,386
2025/06/09-00:35:44.242722,1749396944.242269648,453
2025/06/09-00:35:44.253223,1749396944.252832105,391
2025/06/09-00:35:44.263727,1749396944.263329673,397
2025/06/09-00:35:44.274369,1749396944.273837192,532
2025/06/09-00:35:44.284873,1749396944.284478229,395
2025/06/09-00:35:44.295404,1749396944.294984833,419
2025/06/09-00:35:44.305940,1749396944.305510892,429
2025/06/09-00:35:44.316457,1749396944.316047255,410
2025/06/09-00:35:44.327008,1749396944.326564693,443
2025/06/09-00:35:44.337586,1749396944.337122405,464
2025/06/09-00:35:44.348091,1749396944.347693134,398
2025/06/09-00:35:44.358598,1749396944.358199697,399
2025/06/09-00:35:44.369528,1749396944.368713837,815
2025/06/09-00:35:44.380246,1749396944.379637835,609
2025/06/09-00:35:44.390763,1749396944.390350702,412
2025/06/09-00:35:44.401344,1749396944.400865573,479
2025/06/09-00:35:44.412576,1749396944.411444856,1132
2025/06/09-00:35:44.423998,1749396944.422679387,1318
2025/06/09-00:35:44.434832,1749396944.434100610,731
2025/06/09-00:35:44.445317,1749396944.444933416,383
2025/06/09-00:35:44.455946,1749396944.455419168,527
2025/06/09-00:35:44.466455,1749396944.466058419,396
2025/06/09-00:35:44.476943,1749396944.476558884,384
2025/06/09-00:35:44.487637,1749396944.487052340,585
2025/06/09-00:35:44.498137,1749396944.497747983,389
2025/06/09-00:35:44.508730,1749396944.508248686,481
2025/06/09-00:35:44.519225,1749396944.518837867,387
2025/06/09-00:35:44.529735,1749396944.529334127,401
2025/06/09-00:35:44.540229,1749396944.539836064,392
2025/06/09-00:35:44.550741,1749396944.550344110,397
2025/06/09-00:35:44.561241,1749396944.560847471,393
2025/06/09-00:35:44.571765,1749396944.571349958,415
2025/06/09-00:35:44.582255,1749396944.581865437,390
2025/06/09-00:35:44.592759,1749396944.592361625,397
2025/06/09-00:35:44.603285,1749396944.602880861,404
2025/06/09-00:35:44.613849,1749396944.613409282,439
2025/06/09-00:35:44.624406,1749396944.623967621,438
2025/06/09-00:35:44.634917,1749396944.634517264,399
2025/06/09-00:35:44.645423,1749396944.645026867,396
2025/06/09-00:35:44.655909,1749396944.655532642,376
2025/06/09-00:35:44.666443,1749396944.666019813,423
2025/06/09-00:35:44.676935,1749396944.676546281,388
2025/06/09-00:35:44.687424,1749396944.687037406,386
2025/06/09-00:35:44.697912,1749396944.697533615,379
2025/06/09-00:35:44.708719,1749396944.708019848,700
2025/06/09-00:35:44.719444,1749396944.718829039,615
2025/06/09-00:35:44.730030,1749396944.729557187,473
2025/06/09-00:35:44.740613,1749396944.740135717,478
2025/06/09-00:35:44.751485,1749396944.750717535,767
2025/06/09-00:35:44.762668,1749396944.761594974,1074
2025/06/09-00:35:44.776684,1749396944.772777566,3906
2025/06/09-00:35:44.787244,1749396944.786801010,443
2025/06/09-00:35:44.798031,1749396944.797371416,660
2025/06/09-00:35:44.808632,1749396944.808138442,494
2025/06/09-00:35:44.819180,1749396944.818733926,446
2025/06/09-00:35:44.829672,1749396944.829288188,383
2025/06/09-00:35:44.840180,1749396944.839781910,398
2025/06/09-00:35:44.850907,1749396944.850289450,617
2025/06/09-00:35:44.861744,1749396944.861016385,727
2025/06/09-00:35:44.872244,1749396944.871842000,402
2025/06/09-00:35:44.882770,1749396944.882374859,395
2025/06/09-00:35:44.893278,1749396944.892873968,404
2025/06/09-00:35:44.903827,1749396944.903388382,439
2025/06/09-00:35:44.914332,1749396944.913940919,391
2025/06/09-00:35:44.924822,1749396944.924440368,382
2025/06/09-00:35:44.935315,1749396944.934930488,384
2025/06/09-00:35:44.945813,1749396944.945423643,389
2025/06/09-00:35:44.956336,1749396944.955913988,422
2025/06/09-00:35:44.966852,1749396944.966445585,406
2025/06/09-00:35:44.977631,1749396944.976954147,677
2025/06/09-00:35:44.988142,1749396944.987737730,404
2025/06/09-00:35:44.998668,1749396944.998256052,412
2025/06/09-00:35:45.9655,1749396945.008775433,880
2025/06/09-00:35:45.20167,1749396945.019780104,387
2025/06/09-00:35:45.30663,1749396945.030278378,384
2025/06/09-00:35:45.41192,1749396945.040769918,422
2025/06/09-00:35:45.51722,1749396945.051302582,420
2025/06/09-00:35:45.62222,1749396945.061830824,391
2025/06/09-00:35:45.72791,1749396945.072333010,458
2025/06/09-00:35:45.83389,1749396945.082892807,497
2025/06/09-00:35:45.94094,1749396945.093494864,599
2025/06/09-00:35:45.104635,1749396945.104198373,437
2025/06/09-00:35:45.115119,1749396945.114737106,382
2025/06/09-00:35:45.125625,1749396945.125225456,400
2025/06/09-00:35:45.136131,1749396945.135735501,395
2025/06/09-00:35:45.146641,1749396945.146236704,404
2025/06/09-00:35:45.157387,1749396945.156750015,637
2025/06/09-00:35:45.167898,1749396945.167492621,405
2025/06/09-00:35:45.178398,1749396945.178007801,390
2025/06/09-00:35:45.189276,1749396945.188503928,772
2025/06/09-00:35:45.199764,1749396945.199385489,379
2025/06/09-00:35:45.210315,1749396945.209873734,442
2025/06/09-00:35:45.220810,1749396945.220431632,378
2025/06/09-00:35:45.231338,1749396945.230920974,417
2025/06/09-00:35:45.241894,1749396945.241452673,442
2025/06/09-00:35:45.252553,1749396945.251997049,556
2025/06/09-00:35:45.263096,1749396945.262662235,434
2025/06/09-00:35:45.273593,1749396945.273202031,391
2025/06/09-00:35:45.284079,1749396945.283698015,381
2025/06/09-00:35:45.294622,1749396945.294182038,439
2025/06/09-00:35:45.305153,1749396945.304725290,427
2025/06/09-00:35:45.315677,1749396945.315261252,415
2025/06/09-00:35:45.326180,1749396945.325780942,399
2025/06/09-00:35:45.336907,1749396945.336287716,620
2025/06/09-00:35:45.347484,1749396945.347023016,461
2025/06/09-00:35:45.358606,1749396945.357586343,1019
2025/06/09-00:35:45.369352,1749396945.368713094,639
2025/06/09-00:35:45.379960,1749396945.379453464,506
2025/06/09-00:35:45.391040,1749396945.390070739,970
2025/06/09-00:35:45.401532,1749396945.401143350,389
2025/06/09-00:35:45.412094,1749396945.411642383,452
2025/06/09-00:35:45.422586,1749396945.422197021,389
2025/06/09-00:35:45.433090,1749396945.432691193,399
2025/06/09-00:35:45.443616,1749396945.443200395,415
2025/06/09-00:35:45.454207,1749396945.453718332,489
2025/06/09-00:35:45.464807,1749396945.464324014,483
2025/06/09-00:35:45.475332,1749396945.474919048,413
2025/06/09-00:35:45.485818,1749396945.485441319,376
2025/06/09-00:35:45.496313,1749396945.495921992,391
2025/06/09-00:35:45.506997,1749396945.506419797,578
2025/06/09-00:35:45.518210,1749396945.517102613,1108
2025/06/09-00:35:45.528748,1749396945.528319565,428
2025/06/09-00:35:45.539261,1749396945.538852688,409
2025/06/09-00:35:45.549858,1749396945.549366348,492
2025/06/09-00:35:45.560413,1749396945.559967467,445
2025/06/09-00:35:45.571017,1749396945.570519569,498
2025/06/09-00:35:45.581510,1749396945.581127102,383
2025/06/09-00:35:45.592004,1749396945.591619766,384
2025/06/09-00:35:45.602497,1749396945.602114095,383
2025/06/09-00:35:45.613657,1749396945.612599089,1058
2025/06/09-00:35:45.624511,1749396945.623766435,745
2025/06/09-00:35:45.635012,1749396945.634623937,388
2025/06/09-00:35:45.645571,1749396945.645128511,442
2025/06/09-00:35:45.656184,1749396945.655692837,491
2025/06/09-00:35:45.667062,1749396945.666295305,766
2025/06/09-00:35:45.677696,1749396945.677170681,525
2025/06/09-00:35:45.688218,1749396945.687809513,409
2025/06/09-00:35:45.698702,1749396945.698320222,382
2025/06/09-00:35:45.709253,1749396945.708806799,446
2025/06/09-00:35:45.719743,1749396945.719359369,384
2025/06/09-00:35:45.730254,1749396945.729853238,401
2025/06/09-00:35:45.742067,1749396945.740356992,1710
2025/06/09-00:35:45.754810,1749396945.752171258,2638
2025/06/09-00:35:45.765418,1749396945.764922666,496
2025/06/09-00:35:45.776113,1749396945.775528635,585
2025/06/09-00:35:45.786633,1749396945.786223882,409
2025/06/09-00:35:45.797124,1749396945.796738729,385
2025/06/09-00:35:45.807636,1749396945.807226011,410
2025/06/09-00:35:45.818132,1749396945.817745786,386
2025/06/09-00:35:45.828650,1749396945.828233890,416
2025/06/09-00:35:45.839144,1749396945.838759606,384
2025/06/09-00:35:45.849644,1749396945.849254259,389
2025/06/09-00:35:45.860239,1749396945.859763792,475
2025/06/09-00:35:45.870808,1749396945.870351054,457
2025/06/09-00:35:45.881305,1749396945.880918864,386
2025/06/09-00:35:45.891810,1749396945.891417073,393
2025/06/09-00:35:45.902547,1749396945.901922293,625
2025/06/09-00:35:45.913040,1749396945.912653483,386
2025/06/09-00:35:45.923537,1749396945.923150401,386
2025/06/09-00:35:45.934060,1749396945.933642909,417
2025/06/09-00:35:45.944588,1749396945.944172092,416
2025/06/09-00:35:45.955123,1749396945.954694457,429
2025/06/09-00:35:45.965708,1749396945.965225601,482
2025/06/09-00:35:45.976201,1749396945.975811211,390
2025/06/09-00:35:45.986699,1749396945.986310099,389
2025/06/09-00:35:45.997243,1749396945.996806785,436
2025/06/09-00:35:46.8194,1749396946.007351751,843
2025/06/09-00:35:46.18950,1749396946.018302311,647
2025/06/09-00:35:46.29461,1749396946.029064752,396
2025/06/09-00:35:46.40382,1749396946.039562819,819
2025/06/09-00:35:46.50861,1749396946.050487655,373
2025/06/09-00:35:46.61632,1749396946.060975491,656
2025/06/09-00:35:46.72124,1749396946.071740607,384
2025/06/09-00:35:46.82642,1749396946.082232974,409
2025/06/09-00:35:46.93202,1749396946.092741381,460
2025/06/09-00:35:46.103701,1749396946.103312306,389
2025/06/09-00:35:46.114204,1749396946.113807844,396
2025/06/09-00:35:46.125184,1749396946.124341456,843
2025/06/09-00:35:46.135773,1749396946.135289740,483
2025/06/09-00:35:46.146444,1749396946.145875067,569
2025/06/09-00:35:46.157245,1749396946.156545658,699
2025/06/09-00:35:46.167831,1749396946.167357977,473
2025/06/09-00:35:46.178483,1749396946.177941590,541
2025/06/09-00:35:46.189025,1749396946.188593952,431
2025/06/09-00:35:46.199822,1749396946.199140127,681
2025/06/09-00:35:46.210339,1749396946.209938523,400
2025/06/09-00:35:46.220845,1749396946.220447964,397
2025/06/09-00:35:46.231355,1749396946.230952142,403
2025/06/09-00:35:46.241850,1749396946.241459174,391
2025/06/09-00:35:46.252375,1749396946.251956474,419
2025/06/09-00:35:46.262880,1749396946.262486006,394
2025/06/09-00:35:46.273390,1749396946.272981763,408
2025/06/09-00:35:46.283878,1749396946.283493493,385
2025/06/09-00:35:46.294363,1749396946.293984897,378
2025/06/09-00:35:46.304997,1749396946.304467269,529
2025/06/09-00:35:46.315526,1749396946.315103661,422
2025/06/09-00:35:46.326089,1749396946.325633974,455
2025/06/09-00:35:46.336725,1749396946.336197607,528
2025/06/09-00:35:46.347219,1749396946.346838366,381
2025/06/09-00:35:46.357746,1749396946.357328155,418
2025/06/09-00:35:46.368322,1749396946.367844153,478
2025/06/09-00:35:46.379358,1749396946.378430349,928
2025/06/09-00:35:46.390071,1749396946.389468757,602
2025/06/09-00:35:46.400609,1749396946.400180558,428
2025/06/09-00:35:46.412439,1749396946.410714613,1725
2025/06/09-00:35:46.423157,1749396946.422542215,615
2025/06/09-00:35:46.433974,1749396946.433259493,715
2025/06/09-00:35:46.444570,1749396946.444081884,489
2025/06/09-00:35:46.455078,1749396946.454674795,403
2025/06/09-00:35:46.465571,1749396946.465183153,388
2025/06/09-00:35:46.476108,1749396946.475685024,423
2025/06/09-00:35:46.486601,1749396946.486217908,383
2025/06/09-00:35:46.497462,1749396946.496710578,751
2025/06/09-00:35:46.507965,1749396946.507568806,396
2025/06/09-00:35:46.518479,1749396946.518084330,395
2025/06/09-00:35:46.528987,1749396946.528587398,399
2025/06/09-00:35:46.539508,1749396946.539095136,413
2025/06/09-00:35:46.550030,1749396946.549609008,421
2025/06/09-00:35:46.560621,1749396946.560135623,485
2025/06/09-00:35:46.571112,1749396946.570728025,384
2025/06/09-00:35:46.581606,1749396946.581225709,380
2025/06/09-00:35:46.592103,1749396946.591711598,392
2025/06/09-00:35:46.602581,1749396946.602205692,375
2025/06/09-00:35:46.613101,1749396946.612688580,412
2025/06/09-00:35:46.623646,1749396946.623208798,437
2025/06/09-00:35:46.634151,1749396946.633754781,396
2025/06/09-00:35:46.645277,1749396946.644253915,1023
2025/06/09-00:35:46.656028,1749396946.655383241,644
2025/06/09-00:35:46.666579,1749396946.666133990,445
2025/06/09-00:35:46.677253,1749396946.676685949,567
2025/06/09-00:35:46.687835,1749396946.687361451,474
2025/06/09-00:35:46.698344,1749396946.697956273,388
2025/06/09-00:35:46.708908,1749396946.708457148,451
2025/06/09-00:35:46.719911,1749396946.719021170,890
2025/06/09-00:35:46.730428,1749396946.730020457,407
2025/06/09-00:35:46.740920,1749396946.740530691,390
2025/06/09-00:35:46.752475,1749396946.751023367,1452
2025/06/09-00:35:46.763432,1749396946.762577687,855
2025/06/09-00:35:46.773992,1749396946.773541284,451
2025/06/09-00:35:46.784536,1749396946.784100420,436
2025/06/09-00:35:46.795058,1749396946.794647234,411
2025/06/09-00:35:46.805641,1749396946.805166878,474
2025/06/09-00:35:46.816165,1749396946.815751564,413
2025/06/09-00:35:46.826821,1749396946.826272105,549
2025/06/09-00:35:46.837368,1749396946.836933404,434
2025/06/09-00:35:46.847870,1749396946.847476950,393
2025/06/09-00:35:46.858386,1749396946.857983503,403
2025/06/09-00:35:46.869072,1749396946.868495132,577
2025/06/09-00:35:46.879628,1749396946.879188756,439
2025/06/09-00:35:46.890117,1749396946.889730368,387
2025/06/09-00:35:46.900684,1749396946.900226415,458
2025/06/09-00:35:46.911213,1749396946.910786028,427
2025/06/09-00:35:46.921715,1749396946.921320593,395
2025/06/09-00:35:46.932219,1749396946.931824770,394
2025/06/09-00:35:46.942834,1749396946.942323531,510
2025/06/09-00:35:46.953525,1749396946.952943158,582
2025/06/09-00:35:46.964042,1749396946.963641393,401
2025/06/09-00:35:46.974573,1749396946.974164618,409
2025/06/09-00:35:46.985089,1749396946.984680571,409
2025/06/09-00:35:46.995569,1749396946.995194201,375
2025/06/09-00:35:47.6164,1749396947.005670289,494
2025/06/09-00:35:47.16750,1749396947.016266211,484
2025/06/09-00:35:47.27248,1749396947.026858329,390
2025/06/09-00:35:47.37738,1749396947.037354841,384
2025/06/09-00:35:47.48464,1749396947.047836377,627
2025/06/09-00:35:47.59216,1749396947.058570714,645
2025/06/09-00:35:47.69731,1749396947.069333297,398
2025/06/09-00:35:47.80210,1749396947.079830301,380
2025/06/09-00:35:47.90725,1749396947.090322108,403
2025/06/09-00:35:47.101323,1749396947.100834288,489
2025/06/09-00:35:47.111824,1749396947.111432262,391
2025/06/09-00:35:47.122318,1749396947.121934607,383
2025/06/09-00:35:47.132820,1749396947.132427518,392
2025/06/09-00:35:47.143368,1749396947.142937138,431
2025/06/09-00:35:47.153902,1749396947.153483991,418
2025/06/09-00:35:47.164481,1749396947.164012831,468
2025/06/09-00:35:47.175113,1749396947.174587290,525
2025/06/09-00:35:47.185606,1749396947.185224646,381
2025/06/09-00:35:47.196113,1749396947.195715356,398
2025/06/09-00:35:47.206630,1749396947.206222252,408
2025/06/09-00:35:47.217192,1749396947.216739136,453
2025/06/09-00:35:47.227768,1749396947.227316737,452
2025/06/09-00:35:47.238274,1749396947.237879803,394
2025/06/09-00:35:47.248766,1749396947.248380629,385
2025/06/09-00:35:47.259261,1749396947.258871389,389
2025/06/09-00:35:47.269758,1749396947.269363245,395
2025/06/09-00:35:47.280230,1749396947.279838784,391
2025/06/09-00:35:47.290733,1749396947.290343435,389
2025/06/09-00:35:47.301338,1749396947.300843674,495
2025/06/09-00:35:47.311907,1749396947.311450509,457
2025/06/09-00:35:47.322489,1749396947.322014511,474
2025/06/09-00:35:47.332968,1749396947.332590951,377
2025/06/09-00:35:47.343454,1749396947.343071933,383
2025/06/09-00:35:47.353967,1749396947.353562601,405
2025/06/09-00:35:47.364492,1749396947.364073757,418
2025/06/09-00:35:47.375131,1749396947.374598607,532
2025/06/09-00:35:47.385622,1749396947.385236391,386
2025/06/09-00:35:47.396182,1749396947.395733029,449
2025/06/09-00:35:47.407222,1749396947.406287549,935
2025/06/09-00:35:47.417876,1749396947.417332525,543
2025/06/09-00:35:47.428638,1749396947.427979840,658
2025/06/09-00:35:47.439202,1749396947.438739973,462
2025/06/09-00:35:47.449719,1749396947.449310066,409
2025/06/09-00:35:47.460583,1749396947.459827642,755
2025/06/09-00:35:47.471141,1749396947.470693404,448
2025/06/09-00:35:47.481835,1749396947.481247305,587
2025/06/09-00:35:47.492588,1749396947.491945860,642
2025/06/09-00:35:47.503380,1749396947.502697467,683
2025/06/09-00:35:47.513992,1749396947.513488689,504
2025/06/09-00:35:47.524597,1749396947.524098762,499
2025/06/09-00:35:47.535110,1749396947.534718974,391
2025/06/09-00:35:47.545841,1749396947.545217788,623
2025/06/09-00:35:47.556344,1749396947.555951911,392
2025/06/09-00:35:47.566834,1749396947.566454260,380
2025/06/09-00:35:47.577655,1749396947.576942239,713
2025/06/09-00:35:47.588155,1749396947.587762327,392
2025/06/09-00:35:47.598716,1749396947.598267340,449
2025/06/09-00:35:47.609410,1749396947.608823356,586
2025/06/09-00:35:47.619901,1749396947.619520286,381
2025/06/09-00:35:47.630402,1749396947.630011470,390
2025/06/09-00:35:47.640890,1749396947.640508447,381
2025/06/09-00:35:47.651384,1749396947.651003369,381
2025/06/09-00:35:47.661933,1749396947.661494178,438
2025/06/09-00:35:47.672460,1749396947.672042560,417
2025/06/09-00:35:47.683161,1749396947.682576341,585
2025/06/09-00:35:47.693660,1749396947.693269916,390
2025/06/09-00:35:47.704183,1749396947.703770749,412
2025/06/09-00:35:47.714677,1749396947.714290730,386
2025/06/09-00:35:47.725235,1749396947.724781725,454
2025/06/09-00:35:47.738983,1749396947.735337804,3645
2025/06/09-00:35:47.749464,1749396947.749087025,377
2025/06/09-00:35:47.760451,1749396947.759576135,875
2025/06/09-00:35:47.771454,1749396947.770559401,894
2025/06/09-00:35:47.782262,1749396947.781564080,698
2025/06/09-00:35:47.792779,1749396947.792368487,410
2025/06/09-00:35:47.803731,1749396947.802888272,843
2025/06/09-00:35:47.814251,1749396947.813841311,410
2025/06/09-00:35:47.825025,1749396947.824365155,660
2025/06/09-00:35:47.835531,1749396947.835136976,394
2025/06/09-00:35:47.846506,1749396947.845638565,868
2025/06/09-00:35:47.857016,1749396947.856616370,399
2025/06/09-00:35:47.867876,1749396947.867122235,754
2025/06/09-00:35:47.878829,1749396947.877985739,843
2025/06/09-00:35:47.889359,1749396947.888936282,423
2025/06/09-00:35:47.899870,1749396947.899469145,401
2025/06/09-00:35:47.910452,1749396947.909976235,475
2025/06/09-00:35:47.920938,1749396947.920560474,378
2025/06/09-00:35:47.931655,1749396947.931045099,610
2025/06/09-00:35:47.942136,1749396947.941758740,377
2025/06/09-00:35:47.952674,1749396947.952248866,425
2025/06/09-00:35:47.963187,1749396947.962783501,403
2025/06/09-00:35:47.973738,1749396947.973291967,446
2025/06/09-00:35:47.984230,1749396947.983839438,391
2025/06/09-00:35:47.994746,1749396947.994339410,407
2025/06/09-00:35:48.5234,1749396948.004849860,384
2025/06/09-00:35:48.15723,1749396948.015343851,379
2025/06/09-00:35:48.26420,1749396948.025844647,576
2025/06/09-00:35:48.36937,1749396948.036527364,410
2025/06/09-00:35:48.47505,1749396948.047046210,459
2025/06/09-00:35:48.58049,1749396948.057613383,435
2025/06/09-00:35:48.68577,1749396948.068159289,418
2025/06/09-00:35:48.79075,1749396948.078684665,391
2025/06/09-00:35:48.89579,1749396948.089184544,395
2025/06/09-00:35:48.100159,1749396948.099688800,470
2025/06/09-00:35:48.111014,1749396948.110269411,745
2025/06/09-00:35:48.121533,1749396948.121128498,405
2025/06/09-00:35:48.132704,1749396948.131644536,1060
2025/06/09-00:35:48.143199,1749396948.142809846,390
2025/06/09-00:35:48.154065,1749396948.153310139,755
2025/06/09-00:35:48.164599,1749396948.164172615,427
2025/06/09-00:35:48.175168,1749396948.174709459,459
2025/06/09-00:35:48.185984,1749396948.185274944,709
2025/06/09-00:35:48.196537,1749396948.196094438,443
2025/06/09-00:35:48.207063,1749396948.206644722,418
2025/06/09-00:35:48.217534,1749396948.217164041,370
2025/06/09-00:35:48.228034,1749396948.227637483,396
2025/06/09-00:35:48.238950,1749396948.238145960,804
2025/06/09-00:35:48.249440,1749396948.249057213,382
2025/06/09-00:35:48.259951,1749396948.259549036,402
2025/06/09-00:35:48.270818,1749396948.270052785,766
2025/06/09-00:35:48.281886,1749396948.280927952,958
2025/06/09-00:35:48.292556,1749396948.291990001,566
2025/06/09-00:35:48.303137,1749396948.302658018,479
2025/06/09-00:35:48.313620,1749396948.313237080,383
2025/06/09-00:35:48.324207,1749396948.323735015,472
2025/06/09-00:35:48.334775,1749396948.334315681,460
2025/06/09-00:35:48.345475,1749396948.344876639,599
2025/06/09-00:35:48.355981,1749396948.355582371,398
2025/06/09-00:35:48.366884,1749396948.366097693,786
2025/06/09-00:35:48.377375,1749396948.376990688,384
2025/06/09-00:35:48.387864,1749396948.387483133,381
2025/06/09-00:35:48.398582,1749396948.397970943,611
2025/06/09-00:35:48.409772,1749396948.408686718,1085
2025/06/09-00:35:48.420280,1749396948.419830815,450
2025/06/09-00:35:48.430771,1749396948.430387986,383
2025/06/09-00:35:48.441304,1749396948.440884614,419
2025/06/09-00:35:48.451826,1749396948.451409568,416
2025/06/09-00:35:48.462318,1749396948.461926892,391
2025/06/09-00:35:48.472805,1749396948.472421550,383
2025/06/09-00:35:48.483760,1749396948.482904866,855
2025/06/09-00:35:48.494315,1749396948.493867480,447
2025/06/09-00:35:48.504805,1749396948.504420443,385
2025/06/09-00:35:48.515475,1749396948.514914038,561
2025/06/09-00:35:48.526333,1749396948.525583490,749
2025/06/09-00:35:48.536838,1749396948.536449824,388
2025/06/09-00:35:48.547333,1749396948.546945191,388
2025/06/09-00:35:48.557970,1749396948.557440803,529
2025/06/09-00:35:48.568906,1749396948.568076745,829
2025/06/09-00:35:48.579485,1749396948.579015440,470
2025/06/09-00:35:48.589989,1749396948.589591234,398
2025/06/09-00:35:48.600527,1749396948.600102742,424
2025/06/09-00:35:48.611170,1749396948.610635542,534
2025/06/09-00:35:48.621697,1749396948.621273891,423
2025/06/09-00:35:48.632192,1749396948.631806079,386
2025/06/09-00:35:48.643088,1749396948.642295422,793
2025/06/09-00:35:48.653590,1749396948.653198283,392
2025/06/09-00:35:48.664181,1749396948.663700862,480
2025/06/09-00:35:48.674708,1749396948.674283304,425
2025/06/09-00:35:48.685192,1749396948.684812576,380
2025/06/09-00:35:48.695732,1749396948.695299532,432
2025/06/09-00:35:48.706736,1749396948.705841907,894
2025/06/09-00:35:48.717248,1749396948.716844981,403
2025/06/09-00:35:48.727753,1749396948.727349131,403
2025/06/09-00:35:48.740716,1749396948.737854823,2862
2025/06/09-00:35:48.751522,1749396948.750824138,698
2025/06/09-00:35:48.763126,1749396948.761625458,1501
2025/06/09-00:35:48.773699,1749396948.773234045,465
2025/06/09-00:35:48.784425,1749396948.783807409,618
2025/06/09-00:35:48.794916,1749396948.794529275,387
2025/06/09-00:35:48.805841,1749396948.805022828,818
2025/06/09-00:35:48.816407,1749396948.815950821,456
2025/06/09-00:35:48.826905,1749396948.826512725,393
2025/06/09-00:35:48.837397,1749396948.837012187,385
2025/06/09-00:35:48.847928,1749396948.847504873,423
2025/06/09-00:35:48.858436,1749396948.858035027,401
2025/06/09-00:35:48.869222,1749396948.868543813,678
2025/06/09-00:35:48.879736,1749396948.879331168,405
2025/06/09-00:35:48.890278,1749396948.889841717,437
2025/06/09-00:35:48.900845,1749396948.900385601,459
2025/06/09-00:35:48.911340,1749396948.910952278,387
2025/06/09-00:35:48.921879,1749396948.921447014,432
2025/06/09-00:35:48.932435,1749396948.931987445,448
2025/06/09-00:35:48.942976,1749396948.942542405,434
2025/06/09-00:35:48.953457,1749396948.953081848,375
2025/06/09-00:35:48.963952,1749396948.963566382,386
2025/06/09-00:35:48.974474,1749396948.974062379,412
2025/06/09-00:35:48.985006,1749396948.984581658,424
2025/06/09-00:35:48.995511,1749396948.995116394,395
2025/06/09-00:35:49.6023,1749396949.005627407,396
2025/06/09-00:35:49.16562,1749396949.016138411,424
2025/06/09-00:35:49.27070,1749396949.026679566,391
2025/06/09-00:35:49.37879,1749396949.037179004,700
2025/06/09-00:35:49.48464,1749396949.047991253,473
2025/06/09-00:35:49.58955,1749396949.058572286,382
2025/06/09-00:35:49.69590,1749396949.069065904,524
2025/06/09-00:35:49.80340,1749396949.079711439,629
2025/06/09-00:35:49.90862,1749396949.090448360,414
2025/06/09-00:35:49.101566,1749396949.100964785,601
2025/06/09-00:35:49.112077,1749396949.111676106,401
2025/06/09-00:35:49.122735,1749396949.122194437,541
2025/06/09-00:35:49.133238,1749396949.132850385,387
2025/06/09-00:35:49.143804,1749396949.143348495,455
2025/06/09-00:35:49.154302,1749396949.153913351,389
2025/06/09-00:35:49.164795,1749396949.164413273,382
2025/06/09-00:35:49.175434,1749396949.174907827,527
2025/06/09-00:35:49.185946,1749396949.185545905,400
2025/06/09-00:35:49.196512,1749396949.196054308,458
2025/06/09-00:35:49.207223,1749396949.206631394,591
2025/06/09-00:35:49.217715,1749396949.217326578,389
2025/06/09-00:35:49.228243,1749396949.227822561,420
2025/06/09-00:35:49.238741,1749396949.238351770,389
2025/06/09-00:35:49.249245,1749396949.248854031,390
2025/06/09-00:35:49.259795,1749396949.259353854,441
2025/06/09-00:35:49.270526,1749396949.269902605,624
2025/06/09-00:35:49.281104,1749396949.280637883,466
2025/06/09-00:35:49.291607,1749396949.291212070,395
2025/06/09-00:35:49.302165,1749396949.301720619,444
2025/06/09-00:35:49.312717,1749396949.312287584,429
2025/06/09-00:35:49.323334,1749396949.322823788,510
2025/06/09-00:35:49.334076,1749396949.333446333,630
2025/06/09-00:35:49.344814,1749396949.344190567,623
2025/06/09-00:35:49.355355,1749396949.354930600,424
2025/06/09-00:35:49.365973,1749396949.365467147,506
2025/06/09-00:35:49.376909,1749396949.376087181,822
2025/06/09-00:35:49.387460,1749396949.387018610,442
2025/06/09-00:35:49.398789,1749396949.397566303,1222
2025/06/09-00:35:49.409833,1749396949.408895489,938
2025/06/09-00:35:49.420428,1749396949.419937194,491
2025/06/09-00:35:49.430913,1749396949.430531122,382
2025/06/09-00:35:49.441413,1749396949.441020012,393
2025/06/09-00:35:49.451925,1749396949.451523105,402
2025/06/09-00:35:49.462436,1749396949.462038867,397
2025/06/09-00:35:49.472990,1749396949.472549152,441
2025/06/09-00:35:49.483491,1749396949.483096943,394
2025/06/09-00:35:49.493985,1749396949.493601592,383
2025/06/09-00:35:49.505136,1749396949.504095636,1040
2025/06/09-00:35:49.515667,1749396949.515264170,403
2025/06/09-00:35:49.526496,1749396949.525782714,714
2025/06/09-00:35:49.537003,1749396949.536606521,397
2025/06/09-00:35:49.547498,1749396949.547110384,387
2025/06/09-00:35:49.558230,1749396949.557606787,623
2025/06/09-00:35:49.568736,1749396949.568342767,393
2025/06/09-00:35:49.579326,1749396949.578842081,484
2025/06/09-00:35:49.589874,1749396949.589430320,444
2025/06/09-00:35:49.600446,1749396949.599983588,463
2025/06/09-00:35:49.610944,1749396949.610551733,393
2025/06/09-00:35:49.621444,1749396949.621052209,392
2025/06/09-00:35:49.632101,1749396949.631562483,539
2025/06/09-00:35:49.642624,1749396949.642211292,413
2025/06/09-00:35:49.653292,1749396949.652726234,566
2025/06/09-00:35:49.663818,1749396949.663407382,410
2025/06/09-00:35:49.674737,1749396949.673924253,813
2025/06/09-00:35:49.685491,1749396949.684846181,645
2025/06/09-00:35:49.696043,1749396949.695603087,440
2025/06/09-00:35:49.706611,1749396949.706162306,448
2025/06/09-00:35:49.717310,1749396949.716715844,594
2025/06/09-00:35:49.727886,1749396949.727420831,465
2025/06/09-00:35:49.739337,1749396949.737992940,1344
2025/06/09-00:35:49.754925,1749396949.749440849,5484
2025/06/09-00:35:49.765887,1749396949.765038236,848
2025/06/09-00:35:49.776946,1749396949.775992658,953
2025/06/09-00:35:49.787668,1749396949.787051286,617
2025/06/09-00:35:49.804157,1749396949.797777643,6380
2025/06/09-00:35:49.820059,1749396949.814268312,5791
2025/06/09-00:35:49.830907,1749396949.830166078,741
2025/06/09-00:35:49.841408,1749396949.841012264,396
2025/06/09-00:35:49.851927,1749396949.851520984,406
2025/06/09-00:35:49.862441,1749396949.862034462,407
2025/06/09-00:35:49.872992,1749396949.872550395,442
2025/06/09-00:35:49.883485,1749396949.883099685,386
2025/06/09-00:35:49.894083,1749396949.893593901,489
2025/06/09-00:35:49.904636,1749396949.904194045,442
2025/06/09-00:35:49.915394,1749396949.914743096,651
2025/06/09-00:35:49.926184,1749396949.925501534,683
2025/06/09-00:35:49.936757,1749396949.936295529,462
2025/06/09-00:35:49.947413,1749396949.946869135,544
2025/06/09-00:35:49.958209,1749396949.957520169,689
2025/06/09-00:35:49.968854,1749396949.968322406,532
2025/06/09-00:35:49.979361,1749396949.978962362,398
2025/06/09-00:35:49.989867,1749396949.989471363,396
2025/06/09-00:35:50.397,1749396949.999984116,414
2025/06/09-00:35:50.10917,1749396950.010508724,409
2025/06/09-00:35:50.21492,1749396950.021024142,467
2025/06/09-00:35:50.32161,1749396950.031602951,558
2025/06/09-00:35:50.42687,1749396950.042272429,414
2025/06/09-00:35:50.53386,1749396950.052810201,575
2025/06/09-00:35:50.63894,1749396950.063508280,386
2025/06/09-00:35:50.74396,1749396950.073998715,397
2025/06/09-00:35:50.85003,1749396950.084503890,500
2025/06/09-00:35:50.95491,1749396950.095112447,379
2025/06/09-00:35:50.106004,1749396950.105603978,400
2025/06/09-00:35:50.116661,1749396950.116111731,549
2025/06/09-00:35:50.127170,1749396950.126767340,403
2025/06/09-00:35:50.137765,1749396950.137276303,489
2025/06/09-00:35:50.148233,1749396950.147838502,394
2025/06/09-00:35:50.158740,1749396950.158353170,387
2025/06/09-00:35:50.169265,1749396950.168858295,407
2025/06/09-00:35:50.179938,1749396950.179373866,564
2025/06/09-00:35:50.190500,1749396950.190046195,453
2025/06/09-00:35:50.201021,1749396950.200612029,409
2025/06/09-00:35:50.211531,1749396950.211129675,401
2025/06/09-00:35:50.222043,1749396950.221641689,401
2025/06/09-00:35:50.232606,1749396950.232158376,448
2025/06/09-00:35:50.243127,1749396950.242727490,400
2025/06/09-00:35:50.253674,1749396950.253243495,431
2025/06/09-00:35:50.264176,1749396950.263781813,394
2025/06/09-00:35:50.274808,1749396950.274277972,530
2025/06/09-00:35:50.285486,1749396950.284912502,573
2025/06/09-00:35:50.295983,1749396950.295591529,392
2025/06/09-00:35:50.306577,1749396950.306092367,485
2025/06/09-00:35:50.317070,1749396950.316680064,390
2025/06/09-00:35:50.327819,1749396950.327176549,642
2025/06/09-00:35:50.338332,1749396950.337932018,400
2025/06/09-00:35:50.349027,1749396950.348438219,588
2025/06/09-00:35:50.359537,1749396950.359141947,395
2025/06/09-00:35:50.370191,1749396950.369650170,541
2025/06/09-00:35:50.381280,1749396950.380299852,981
2025/06/09-00:35:50.391850,1749396950.391386748,464
2025/06/09-00:35:50.402852,1749396950.401956575,895
2025/06/09-00:35:50.413451,1749396950.412962758,488
2025/06/09-00:35:50.423961,1749396950.423557349,404
2025/06/09-00:35:50.434472,1749396950.434069027,403
2025/06/09-00:35:50.445017,1749396950.444577242,439
2025/06/09-00:35:50.455744,1749396950.455121524,622
2025/06/09-00:35:50.466228,1749396950.465849093,379
2025/06/09-00:35:50.476721,1749396950.476334488,387
2025/06/09-00:35:50.487220,1749396950.486832319,388
2025/06/09-00:35:50.497760,1749396950.497330242,430
2025/06/09-00:35:50.508691,1749396950.507842992,848
2025/06/09-00:35:50.519181,1749396950.518801692,379
2025/06/09-00:35:50.529713,1749396950.529290745,422
2025/06/09-00:35:50.540315,1749396950.539824765,490
2025/06/09-00:35:50.551127,1749396950.550416882,710
2025/06/09-00:35:50.562014,1749396950.561234237,780
2025/06/09-00:35:50.572534,1749396950.572118701,415
2025/06/09-00:35:50.583055,1749396950.582651397,404
2025/06/09-00:35:50.593885,1749396950.593155521,730
2025/06/09-00:35:50.604446,1749396950.603996821,449
2025/06/09-00:35:50.614952,1749396950.614569648,382
2025/06/09-00:35:50.625600,1749396950.625065157,535
2025/06/09-00:35:50.636549,1749396950.635714936,834
2025/06/09-00:35:50.647045,1749396950.646656318,389
2025/06/09-00:35:50.657554,1749396950.657158414,395
2025/06/09-00:35:50.668076,1749396950.667672256,404
2025/06/09-00:35:50.678614,1749396950.678182431,431
2025/06/09-00:35:50.689134,1749396950.688727934,406
2025/06/09-00:35:50.699645,1749396950.699249294,396
2025/06/09-00:35:50.710127,1749396950.709754989,372
2025/06/09-00:35:50.720630,1749396950.720232889,397
2025/06/09-00:35:50.731325,1749396950.730741718,583
2025/06/09-00:35:50.747905,1749396950.741427540,6478
2025/06/09-00:35:50.758447,1749396950.758008978,438
2025/06/09-00:35:50.770484,1749396950.768554255,1930
2025/06/09-00:35:50.781571,1749396950.780591380,980
2025/06/09-00:35:50.792133,1749396950.791677171,456
2025/06/09-00:35:50.803105,1749396950.802236939,868
2025/06/09-00:35:50.813606,1749396950.813214689,391
2025/06/09-00:35:50.824204,1749396950.823712534,491
2025/06/09-00:35:50.834728,1749396950.834324325,404
2025/06/09-00:35:50.845786,1749396950.844837441,948
2025/06/09-00:35:50.856329,1749396950.855892268,437
2025/06/09-00:35:50.866983,1749396950.866440547,542
2025/06/09-00:35:50.877500,1749396950.877112315,387
2025/06/09-00:35:50.888517,1749396950.887610357,907
2025/06/09-00:35:50.899021,1749396950.898629210,392
2025/06/09-00:35:50.909535,1749396950.909135343,400
2025/06/09-00:35:50.920111,1749396950.919646422,465
2025/06/09-00:35:50.930669,1749396950.930221499,447
2025/06/09-00:35:50.941462,1749396950.940789673,672
2025/06/09-00:35:50.951956,1749396950.951571249,384
2025/06/09-00:35:50.962468,1749396950.962074311,393
2025/06/09-00:35:50.972977,1749396950.972575993,401
2025/06/09-00:35:50.983598,1749396950.983087661,510
2025/06/09-00:35:50.994106,1749396950.993710783,395
2025/06/09-00:35:51.4684,1749396951.004216614,468
2025/06/09-00:35:51.15155,1749396951.014785158,370
2025/06/09-00:35:51.25841,1749396951.025285149,556
2025/06/09-00:35:51.36352,1749396951.035953669,398
2025/06/09-00:35:51.46853,1749396951.046465160,388
2025/06/09-00:35:51.57380,1749396951.056961550,419
2025/06/09-00:35:51.67870,1749396951.067495074,375
2025/06/09-00:35:51.78443,1749396951.077981921,461
2025/06/09-00:35:51.89019,1749396951.088548917,470
2025/06/09-00:35:51.99641,1749396951.099127503,514
2025/06/09-00:35:51.110160,1749396951.109748496,411
2025/06/09-00:35:51.120689,1749396951.120272199,416
2025/06/09-00:35:51.131551,1749396951.130802769,749
2025/06/09-00:35:51.142070,1749396951.141661051,409
2025/06/09-00:35:51.152603,1749396951.152180045,423
2025/06/09-00:35:51.163088,1749396951.162707706,380
2025/06/09-00:35:51.173838,1749396951.173194935,643
2025/06/09-00:35:51.184341,1749396951.183948635,392
2025/06/09-00:35:51.194899,1749396951.194453663,446
2025/06/09-00:35:51.205820,1749396951.205008706,811
2025/06/09-00:35:51.216413,1749396951.215932828,480
2025/06/09-00:35:51.226913,1749396951.226516514,397
2025/06/09-00:35:51.237567,1749396951.237025735,541
2025/06/09-00:35:51.248434,1749396951.247672907,761
2025/06/09-00:35:51.258981,1749396951.258547623,434
2025/06/09-00:35:51.269518,1749396951.269085422,432
2025/06/09-00:35:51.280016,1749396951.279626982,389
2025/06/09-00:35:51.290698,1749396951.290128765,569
2025/06/09-00:35:51.301191,1749396951.300805929,385
2025/06/09-00:35:51.311918,1749396951.311299025,619
2025/06/09-00:35:51.322429,1749396951.322034156,395
2025/06/09-00:35:51.332925,1749396951.332535956,389
2025/06/09-00:35:51.343434,1749396951.343033988,400
2025/06/09-00:35:51.353950,1749396951.353548297,401
2025/06/09-00:35:51.364492,1749396951.364060090,432
2025/06/09-00:35:51.375046,1749396951.374601372,444
2025/06/09-00:35:51.385582,1749396951.385149943,432
2025/06/09-00:35:51.396100,1749396951.395695978,404
2025/06/09-00:35:51.406605,1749396951.406207545,398
2025/06/09-00:35:51.417104,1749396951.416712249,392
2025/06/09-00:35:51.428749,1749396951.427210499,1539
2025/06/09-00:35:51.439255,1749396951.438853907,401
2025/06/09-00:35:51.449778,1749396951.449364822,413
2025/06/09-00:35:51.460238,1749396951.459840177,398
2025/06/09-00:35:51.470771,1749396951.470356327,415
2025/06/09-00:35:51.481293,1749396951.480889139,403
2025/06/09-00:35:51.491834,1749396951.491408069,426
2025/06/09-00:35:51.502819,1749396951.501945945,873
2025/06/09-00:35:51.513436,1749396951.512930438,505
2025/06/09-00:35:51.524007,1749396951.523547338,460
2025/06/09-00:35:51.534488,1749396951.534110940,377
2025/06/09-00:35:51.545041,1749396951.544596562,445
2025/06/09-00:35:51.555604,1749396951.555148450,456
2025/06/09-00:35:51.566493,1749396951.565711172,782
2025/06/09-00:35:51.577179,1749396951.576606309,572
2025/06/09-00:35:51.587669,1749396951.587291355,378
2025/06/09-00:35:51.598156,1749396951.597779259,377
2025/06/09-00:35:51.608701,1749396951.608263642,438
2025/06/09-00:35:51.619217,1749396951.618809829,407
2025/06/09-00:35:51.629775,1749396951.629326277,449
2025/06/09-00:35:51.640732,1749396951.639834652,897
2025/06/09-00:35:51.651235,1749396951.650844682,390
2025/06/09-00:35:51.661873,1749396951.661349011,524
2025/06/09-00:35:51.672431,1749396951.671989010,442
2025/06/09-00:35:51.683144,1749396951.682540050,604
2025/06/09-00:35:51.693649,1749396951.693253631,395
2025/06/09-00:35:51.704545,1749396951.703760326,784
2025/06/09-00:35:51.715436,1749396951.714656551,780
2025/06/09-00:35:51.725952,1749396951.725546703,406
2025/06/09-00:35:51.739031,1749396951.736059203,2972
2025/06/09-00:35:51.749648,1749396951.749147242,501
2025/06/09-00:35:51.763216,1749396951.759750690,3465
2025/06/09-00:35:51.773793,1749396951.773322565,470
2025/06/09-00:35:51.784288,1749396951.783898683,389
2025/06/09-00:35:51.794851,1749396951.794410203,440
2025/06/09-00:35:51.805490,1749396951.804965675,524
2025/06/09-00:35:51.815999,1749396951.815596013,403
2025/06/09-00:35:51.826544,1749396951.826112413,432
2025/06/09-00:35:51.837685,1749396951.836656929,1029
2025/06/09-00:35:51.848206,1749396951.847799566,406
2025/06/09-00:35:51.858744,1749396951.858317324,427
2025/06/09-00:35:51.869696,1749396951.868850841,845
2025/06/09-00:35:51.880204,1749396951.879806393,398
2025/06/09-00:35:51.890737,1749396951.890317203,419
2025/06/09-00:35:51.901228,1749396951.900841510,387
2025/06/09-00:35:51.912168,1749396951.911339659,829
2025/06/09-00:35:51.922680,1749396951.922275896,404
2025/06/09-00:35:51.933214,1749396951.932799272,415
2025/06/09-00:35:51.943700,1749396951.943322772,377
2025/06/09-00:35:51.954204,1749396951.953811417,393
2025/06/09-00:35:51.964702,1749396951.964310376,392
2025/06/09-00:35:51.975200,1749396951.974810166,390
2025/06/09-00:35:51.985909,1749396951.985314491,595
2025/06/09-00:35:51.996532,1749396951.996018126,514
2025/06/09-00:35:52.7158,1749396952.006642515,515
2025/06/09-00:35:52.17660,1749396952.017270153,390
2025/06/09-00:35:52.28162,1749396952.027772259,389
2025/06/09-00:35:52.38819,1749396952.038278645,540
2025/06/09-00:35:52.49387,1749396952.048937907,449
2025/06/09-00:35:52.60352,1749396952.059494390,857
2025/06/09-00:35:52.70850,1749396952.070464416,385
2025/06/09-00:35:52.82096,1749396952.080961681,1134
2025/06/09-00:35:52.92613,1749396952.092205871,407
2025/06/09-00:35:52.103108,1749396952.102717813,390
2025/06/09-00:35:52.113606,1749396952.113212113,394
2025/06/09-00:35:52.124100,1749396952.123716961,383
2025/06/09-00:35:52.134590,1749396952.134207770,383
2025/06/09-00:35:52.145516,1749396952.144705734,810
2025/06/09-00:35:52.155989,1749396952.155620260,368
2025/06/09-00:35:52.166491,1749396952.166105936,385
2025/06/09-00:35:52.176990,1749396952.176603579,386
2025/06/09-00:35:52.187482,1749396952.187095690,386
2025/06/09-00:35:52.197981,1749396952.197592662,389
2025/06/09-00:35:52.208563,1749396952.208084646,479
2025/06/09-00:35:52.219047,1749396952.218667803,379
2025/06/09-00:35:52.229608,1749396952.229148870,459
2025/06/09-00:35:52.240136,1749396952.239712535,423
2025/06/09-00:35:52.250678,1749396952.250240616,437
2025/06/09-00:35:52.261188,1749396952.260786983,401
2025/06/09-00:35:52.271677,1749396952.271290360,387
2025/06/09-00:35:52.282187,1749396952.281788876,398
2025/06/09-00:35:52.292718,1749396952.292299070,419
2025/06/09-00:35:52.303261,1749396952.302827458,433
